RA,FASE,TURMA,IDADE,DEFASAGEM,INDE,IDA,IEG,PROB_RISCO,FAIXA
RA-1275,0.0,ALFA A - G0/G1,8.0,0,7.611366666700001,8.0,8.6666666665,0.5370319538881057,Alto
RA-1276,0.0,ALFA A - G0/G1,8.0,0,8.002866666700001,8.0,9.3333333335,0.5282887044926317,Alto
RA-1277,0.0,ALFA A - G0/G1,8.0,0,7.952200000100001,8.0,9.0833333335,0.5211030255125655,Alto
RA-868,0.0,ALFA A - G0/G1,8.0,-1,7.156366666600001,7.0,9.75,0.5846275645170214,Alto
RA-1278,0.0,ALFA A - G0/G1,9.0,-1,5.444199999900001,7.5,4.1666666665,0.851511607973307,Muito alto
RA-1279,0.0,ALFA B - G2/G3,9.0,-1,8.0822,8.25,10.0,0.7751577341847335,Muito alto
RA-861,0.0,ALFA B - G2/G3,9.0,-1,8.959700000000002,10.0,10.0,0.6925313224791835,Alto
RA-862,0.0,ALFA B - G2/G3,10.0,-2,7.346677272700001,7.5,8.6136363635,0.9288111041736419,Muito alto
RA-1280,0.0,ALFA B - G2/G3,9.0,-1,8.152624242500002,8.5,9.5454545455,0.7476778471982861,Muito alto
RA-1281,0.0,ALFA B - G2/G3,9.0,-1,7.982890909100001,9.25,9.5454545455,0.7824416952460346,Muito alto
RA-895,0.0,ALFA B - G2/G3,9.0,-1,8.2579575757,9.5,9.5454545455,0.7497552873644631,Muito alto
RA-884,0.0,ALFA B - G2/G3,8.0,-1,8.0345030302,8.75,8.818181818,0.45656013930283224,Atenção
RA-1282,0.0,ALFA B - G2/G3,9.0,-1,7.8769272727000015,9.25,8.1136363635,0.8119166767700461,Muito alto
RA-889,0.0,ALFA B - G2/G3,9.0,-1,8.191290909100001,9.75,9.2954545455,0.759057692511564,Muito alto
RA-867,0.0,ALFA B - G2/G3,9.0,-1,7.583018181800001,8.5,7.409090909,0.8429325704210391,Muito alto
RA-1283,0.0,ALFA B - G2/G3,10.0,-2,8.3033538462,9.0,9.230769231,0.9140587854999181,Muito alto
RA-891,0.0,ALFA B - G2/G3,10.0,-1,8.035957575700001,8.75,9.0454545455,0.7084093997524645,Muito alto
RA-1284,0.0,ALFA C - G0/G1,8.0,0,8.3800152174,10.0,9.347826087,0.4892790596650024,Atenção
RA-1012,0.0,ALFA C - G0/G1,9.0,-1,8.057128571400002,9.75,9.523809524,0.5882354009197052,Alto
RA-1285,0.0,ALFA C - G0/G1,7.0,0,8.156578882000002,8.0,8.830227742999998,0.3872072824698106,Atenção
RA-1286,0.0,ALFA C - G0/G1,7.0,0,5.914801966800001,7.0,5.051759834,0.5838082602272743,Alto
RA-1287,0.0,ALFA C - G0/G1,8.0,-1,7.619650310500001,7.75,9.3064182195,0.39067641268601183,Atenção
RA-1288,0.0,ALFA C - G0/G1,7.0,0,7.9208899585,10.0,7.9813664595,0.4904114661005342,Alto
RA-1289,0.0,ALFA D - G2/G3,10.0,-1,7.2171722223,7.75,9.4444444445,0.8268189351598361,Muito alto
RA-1290,0.0,ALFA D - G2/G3,9.0,-1,8.407200000000001,8.75,10.0,0.7610022101069707,Muito alto
RA-1291,0.0,ALFA D - G2/G3,9.0,-1,8.079200000000002,8.25,9.5,0.7815896643273649,Muito alto
RA-885,0.0,ALFA D - G2/G3,9.0,-1,8.2072,8.5,10.0,0.7770528798526579,Muito alto
RA-1292,0.0,ALFA D - G2/G3,9.0,-1,6.9031621211,8.25,4.7727272725,0.8101229565810075,Muito alto
RA-1293,0.0,ALFA D - G2/G3,9.0,-1,8.005023232300001,8.5,9.4949494945,0.8223742821046044,Muito alto
RA-888,0.0,ALFA D - G2/G3,8.0,-1,8.1942,8.5,10.0,0.4556577291847668,Atenção
RA-1294,0.0,ALFA D - G2/G3,10.0,-2,7.9493666666,7.75,10.0,0.8899553697366694,Muito alto
RA-1009,0.0,ALFA E - G2/G3,9.0,-1,6.395389393900001,7.5,6.8863636365000005,0.8428249546569689,Muito alto
RA-1013,0.0,ALFA E - G2/G3,8.0,-1,5.7839559808,7.75,5.693779904,0.642684959233849,Alto
RA-1295,0.0,ALFA E - G2/G3,8.0,0,8.0617454545,7.5,9.5227272725,0.39519273396119375,Atenção
RA-1296,0.0,ALFA E - G2/G3,9.0,-1,7.0574222223000005,6.5,8.4444444445,0.7619340642666901,Muito alto
RA-863,0.0,ALFA E - G2/G3,8.0,-1,4.6684348484,5.5,3.159090909,0.6781694807146083,Alto
RA-1297,0.0,ALFA E - G2/G3,8.0,-1,7.620247619000001,9.25,9.761904762,0.5695833242181647,Alto
RA-1014,0.0,ALFA E - G2/G3,8.0,-1,6.315972727300001,5.25,7.8863636365,0.6420789630720792,Alto
RA-880,0.0,ALFA E - G2/G3,8.0,-1,6.853080434800001,6.5,8.445652174,0.6225151826736843,Alto
RA-886,0.0,ALFA E - G2/G3,8.0,-1,8.419200000000002,8.75,10.0,0.5579263565310587,Alto
RA-1298,0.0,ALFA E - G2/G3,8.0,0,7.577287995300001,6.75,6.643356643500001,0.5112721770511971,Alto
RA-1299,0.0,ALFA E - G2/G3,10.0,-2,7.069727777800001,6.5,7.638888889,0.9701169898022438,Muito alto
RA-904,0.0,ALFA F - G0/G1,8.0,-1,7.6352,6.0,8.75,0.635137803975425,Alto
RA-1300,0.0,ALFA F - G0/G1,8.0,-1,7.623866666600001,9.0,8.75,0.4268082056117493,Atenção
RA-1301,0.0,ALFA F - G0/G1,8.0,-1,5.6345333333,7.0,2.9166666665000003,0.6589446130796472,Alto
RA-1302,0.0,ALFA F - G0/G1,8.0,0,5.758866666800001,4.0,5.416666667,0.7807536882926185,Muito alto
RA-1303,0.0,ALFA F - G0/G1,8.0,0,8.8352,10.0,10.0,0.4712607406131616,Atenção
RA-1304,0.0,ALFA G - G2/G3,10.0,-2,7.085119934500001,6.0,7.9575163395,0.9486194725114252,Muito alto
RA-1305,0.0,ALFA G - G2/G3,10.0,-1,6.685221929800001,4.75,8.710526316,0.7073397782565659,Muito alto
RA-1306,0.0,ALFA G - G2/G3,8.0,-1,8.503033333400001,9.75,10.0,0.5911289257972108,Alto
RA-702,0.0,ALFA G - G2/G3,10.0,-2,7.665116666600001,9.25,9.75,0.7959593866732927,Muito alto
RA-725,0.0,ALFA G - G2/G3,10.0,-1,7.0900771929,7.25,7.6710526315,0.8607462509797761,Muito alto
RA-912,0.0,ALFA G - G2/G3,10.0,-2,7.697103508700001,7.25,9.4736842105,0.9292308516946199,Muito alto
RA-918,0.0,ALFA G - G2/G3,8.0,-1,5.657357017600001,2.75,8.697368421,0.7780165681270022,Muito alto
RA-920,0.0,ALFA G - G2/G3,9.0,-1,7.7494938597,8.25,7.6710526315,0.7723841239304747,Muito alto
RA-1307,0.0,ALFA H - G0/G1,8.0,0,6.5940333333000005,5.5,5.833333333500001,0.6002755515984625,Alto
RA-1308,0.0,ALFA H - G0/G1,9.0,-1,6.876997101400001,6.0,7.445652174,0.8560374031277975,Muito alto
RA-1309,0.0,ALFA H - G0/G1,7.0,0,8.379199999899999,7.5,9.1666666665,0.44795284937135765,Atenção
RA-1310,0.0,ALFA H - G0/G1,7.0,0,8.3907833334,10.0,9.375,0.5430326812966872,Alto
RA-1311,0.0,ALFA H - G0/G1,8.0,0,6.4118666668,0.0,9.166666667,0.7894869425964958,Muito alto
RA-1312,0.0,ALFA H - G0/G1,9.0,-1,7.510200000000001,6.5,8.333333333,0.8359770560064935,Muito alto
RA-1313,0.0,ALFA H - G0/G1,8.0,0,8.0155333334,6.25,8.125,0.7282766139340929,Muito alto
RA-1314,0.0,ALFA H - G0/G1,7.0,0,8.239799999999999,9.0,8.541666667,0.5494111836712282,Alto
RA-1315,0.0,ALFA H - G0/G1,7.0,0,8.3510666667,9.0,8.3333333335,0.44314958051952735,Atenção
RA-921,0.0,ALFA I - G2/G3,8.0,-1,7.2838203209,6.0,8.6631016045,0.6678768867158399,Alto
RA-1316,0.0,ALFA I - G2/G3,9.0,-1,7.59291123,7.75,8.20855615,0.8563312305079023,Muito alto
RA-1317,0.0,ALFA I - G2/G3,9.0,-1,7.665638502700001,10.0,7.0721925135,0.8050019321795058,Muito alto
RA-897,0.0,ALFA I - G2/G3,10.0,-1,5.2212050505,6.0,2.7525252525,0.8096133388329979,Muito alto
RA-908,0.0,ALFA I - G2/G3,9.0,-1,6.764292246,4.75,8.14171123,0.8842957830606099,Muito alto
RA-916,0.0,ALFA I - G2/G3,10.0,-2,5.5058531621,2.75,7.3320158105,0.9240849525184596,Muito alto
RA-924,0.0,ALFA I - G2/G3,9.0,-1,6.4727360962,7.0,4.598930481,0.8062461610686946,Muito alto
RA-925,0.0,ALFA I - G2/G3,8.0,-1,6.587019518800001,4.75,7.005347594,0.7327718985889553,Muito alto
RA-1008,0.0,ALFA I - G2/G3,9.0,-1,6.8667414438000005,7.0,6.483957219,0.7770905625821937,Muito alto
RA-919,0.0,ALFA I - G2/G3,10.0,-2,5.799702673800001,5.25,4.692513369,0.9033474356009795,Muito alto
RA-1318,0.0,ALFA I - G2/G3,8.0,-1,6.823383155100001,5.0,7.6871657755,0.7449827468820109,Muito alto
RA-1003,0.0,ALFA J - G2/G3,9.0,-1,7.627588888900001,8.25,8.6944444445,0.8401322761755089,Muito alto
RA-1004,0.0,ALFA J - G2/G3,9.0,-1,7.801200000000001,7.5,9.25,0.8286177461534571,Muito alto
RA-1006,0.0,ALFA J - G2/G3,9.0,-1,7.040088888900001,5.0,8.4444444445,0.8804871317896684,Muito alto
RA-1319,0.0,ALFA J - G2/G3,9.0,-1,7.201526797300001,8.5,5.7516339865,0.8346584647591193,Muito alto
RA-858,0.0,ALFA J - G2/G3,9.0,-1,6.917866666700001,8.25,6.833333333500001,0.7922831567203622,Muito alto
RA-905,0.0,ALFA J - G2/G3,10.0,-2,6.3925823529,3.0,7.7794117645,0.9550702861715817,Muito alto
RA-907,0.0,ALFA J - G2/G3,9.0,-1,7.9400888889,8.75,8.9444444445,0.7958376368254413,Muito alto
RA-1320,0.0,ALFA J - G2/G3,10.0,-1,7.8845333333,8.25,9.1666666665,0.7643488474275317,Muito alto
RA-909,0.0,ALFA J - G2/G3,11.0,-2,7.722033333300001,8.25,8.1666666665,0.8816730802144284,Muito alto
RA-729,0.0,ALFA J - G2/G3,10.0,-1,6.684533333300001,6.0,8.4166666665,0.7744302959950582,Muito alto
RA-1321,0.0,ALFA K - G0/G1,7.0,0,7.95295,8.75,8.875,0.5148659232945081,Alto
RA-1322,0.0,ALFA K - G0/G1,8.0,0,8.47795,7.5,9.0,0.4752736289406826,Atenção
RA-1323,0.0,ALFA K - G0/G1,9.0,-1,7.487366666700001,7.0,9.0833333335,0.8659321804274944,Muito alto
RA-1324,0.0,ALFA K - G0/G1,9.0,-1,8.332450000000001,8.5,10.0,0.7599806356101565,Muito alto
RA-931,0.0,ALFA K - G0/G1,9.0,-1,7.075466666700001,8.5,8.5833333335,0.7578470542461793,Muito alto
RA-1325,0.0,ALFA K - G0/G1,8.0,0,8.9824954545,10.0,9.5227272725,0.6181841478898589,Alto
RA-1326,0.0,ALFA K - G0/G1,8.0,0,7.6397833333,4.5,9.2916666665,0.81129104574871,Muito alto
RA-1327,0.0,ALFA K - G0/G1,7.0,0,8.264116666700001,7.5,9.3333333335,0.5504354098222982,Alto
RA-1328,0.0,ALFA K - G0/G1,8.0,-1,8.0588666667,10.0,8.2083333335,0.5401096997915606,Alto
RA-1329,0.0,ALFA K - G0/G1,8.0,0,7.98945,6.5,10.0,0.6578070614180833,Alto
RA-1330,0.0,ALFA K - G0/G1,8.0,0,8.944616666700002,9.5,9.3333333335,0.6977026688041492,Alto
RA-1331,0.0,ALFA K - G0/G1,7.0,0,7.8522833333,7.25,7.291666666499999,0.4717452442413185,Atenção
RA-944,0.0,ALFA L - G2/G3,10.0,-2,7.8262,9.0,7.25,0.9219124217619883,Muito alto
RA-1332,0.0,ALFA L - G2/G3,10.0,-2,8.1040529412,8.25,9.411764706,0.8731646906309471,Muito alto
RA-754,0.0,ALFA L - G2/G3,11.0,-2,5.6127,6.25,6.25,0.9445774285426387,Muito alto
RA-1333,0.0,ALFA L - G2/G3,9.0,-1,8.213199999999999,9.25,10.0,0.7496292456459028,Muito alto
RA-934,0.0,ALFA L - G2/G3,9.0,-1,8.338700000000001,8.5,9.75,0.7468899315106262,Muito alto
RA-1334,0.0,ALFA L - G2/G3,9.0,-1,8.350200000000001,9.0,10.0,0.7278534146860519,Muito alto
RA-941,0.0,ALFA L - G2/G3,9.0,-1,7.746700000000001,8.75,9.25,0.7975035998125442,Muito alto
RA-756,0.0,ALFA L - G2/G3,11.0,-2,7.361700000000001,5.5,8.75,0.9055331875084034,Muito alto
RA-1335,0.0,ALFA L - G2/G3,10.0,-2,8.3217,8.75,9.75,0.8860126553571921,Muito alto
RA-773,0.0,ALFA L - G2/G3,10.0,-2,6.566200000000001,5.0,8.75,0.8703992617478763,Muito alto
RA-938,0.0,ALFA L - G2/G3,10.0,-1,8.0056026915,7.75,9.5445134575,0.7324023506476719,Muito alto
RA-1336,0.0,ALFA M - G0/G1,8.0,-1,7.141365631500001,9.5,6.2008281575,0.5578574808946356,Alto
RA-1337,0.0,ALFA M - G0/G1,10.0,-2,6.015144444400001,6.0,4.722222222,0.9557112234667487,Muito alto
RA-1338,0.0,ALFA M - G0/G1,8.0,-1,6.1368428571,3.0,8.6607142855,0.9092314644301409,Muito alto
RA-1339,0.0,ALFA M - G0/G1,8.0,-1,7.3547,8.75,10.0,0.6207098825743749,Alto
RA-1340,0.0,ALFA M - G0/G1,8.0,0,8.3422714286,10.0,8.392857143,0.6304334385982017,Alto
RA-1341,0.0,ALFA M - G0/G1,9.0,-1,7.862906349200001,10.0,9.246031746,0.7874366951033067,Muito alto
RA-947,0.0,ALFA M - G0/G1,9.0,-1,6.053509523800001,4.5,7.619047619,0.9391698074469017,Muito alto
RA-1342,0.0,ALFA M - G0/G1,8.0,-1,7.8185809524,9.0,9.761904762,0.6718507124970339,Alto
RA-1343,0.0,ALFA M - G0/G1,7.0,0,8.8262,9.75,10.0,0.5839461872932312,Alto
RA-1344,0.0,ALFA N - G2/G3,8.0,0,9.3612,10.0,10.0,0.5261819798024251,Alto
RA-945,0.0,ALFA N - G2/G3,9.0,-1,7.4195809524,8.75,9.511904762,0.7199502777226776,Muito alto
RA-946,0.0,ALFA N - G2/G3,8.0,-1,6.677723809500001,4.5,8.7976190475,0.7174857296185739,Muito alto
RA-1345,0.0,ALFA N - G2/G3,9.0,-1,7.2340128655,6.25,9.4590643275,0.8474340040838139,Muito alto
RA-771,0.0,ALFA N - G2/G3,9.0,-1,6.066009523800001,6.5,6.619047619,0.8749425382709684,Muito alto
RA-1346,0.0,ALFA N - G2/G3,8.0,0,7.3701047619,5.5,8.0595238095,0.8188542097483759,Muito alto
RA-1347,0.0,ALFA N - G2/G3,9.0,-1,6.153842857100001,5.0,8.7857142855,0.9024654407478527,Muito alto
RA-949,0.0,ALFA N - G2/G3,9.0,-1,7.1323428571,6.5,8.7857142855,0.8944332878324828,Muito alto
RA-950,0.0,ALFA N - G2/G3,9.0,-1,7.693461904800001,7.0,9.023809524,0.7688320299607708,Muito alto
RA-951,0.0,ALFA N - G2/G3,8.0,-1,6.4483428571,4.0,9.0357142855,0.6642752352769462,Alto
RA-1002,0.0,ALFA N - G2/G3,10.0,-1,7.967866666700001,9.25,7.833333333500001,0.7645586446541407,Muito alto
RA-774,0.0,ALFA N - G2/G3,10.0,-1,5.685771428600001,3.75,6.3928571430000005,0.8667904639031208,Muito alto
RA-749,0.0,ALFA O - G2/G3,10.0,-2,8.3373184211,8.75,9.7368421055,0.8878716926041293,Muito alto
RA-929,0.0,ALFA O - G2/G3,9.0,-1,7.7244368421,6.75,9.4736842105,0.76755328425494,Muito alto
RA-930,0.0,ALFA O - G2/G3,9.0,-1,7.9298184211,8.0,9.7368421055,0.8090768380196494,Muito alto
RA-787,0.0,ALFA O - G2/G3,10.0,-1,7.73495,7.25,9.75,0.7402071539596017,Muito alto
RA-1348,0.0,ALFA O - G2/G3,8.0,-1,7.9604662539,9.0,8.5913312695,0.5226313564225987,Alto
RA-935,0.0,ALFA O - G2/G3,10.0,-1,8.3422,8.5,10.0,0.7073059878557867,Muito alto
RA-1349,0.0,ALFA O - G2/G3,10.0,-1,7.855727777800001,8.5,8.388888889,0.7618115425250314,Muito alto
RA-937,0.0,ALFA O - G2/G3,9.0,-1,8.3792,7.5,10.0,0.7727155308650231,Muito alto
RA-1350,0.0,ALFA O - G2/G3,10.0,-2,8.335450000000002,8.5,10.0,0.8758157397736815,Muito alto
RA-1351,0.0,ALFA O - G2/G3,9.0,-1,8.1861038462,8.75,9.230769231,0.846685090667489,Muito alto
RA-959,0.0,ALFA O - G2/G3,9.0,-1,8.379818421100001,9.5,9.7368421055,0.763208396926345,Muito alto
RA-1352,0.0,ALFA O - G2/G3,9.0,-1,8.289950000000001,8.5,9.5,0.8173884066941464,Muito alto
RA-1353,0.0,ALFA Q - G2/G3,10.0,-1,6.454700000000001,3.0,9.5,0.8339866655772732,Muito alto
RA-1354,0.0,ALFA Q - G2/G3,10.0,-1,7.353427272700001,6.0,8.3636363635,0.8444812782393063,Muito alto
RA-979,0.0,ALFA Q - G2/G3,9.0,-1,8.0352454545,8.25,9.5227272725,0.7780925909188455,Muito alto
RA-1355,0.0,ALFA Q - G2/G3,10.0,-1,7.202245454500001,7.0,6.5227272725,0.847571897849211,Muito alto
RA-971,0.0,ALFA Q - G2/G3,9.0,-1,6.8916181818,6.75,7.909090909,0.8970681832363904,Muito alto
RA-972,0.0,ALFA Q - G2/G3,9.0,-1,7.537472727300001,6.75,8.3863636365,0.8896466634730026,Muito alto
RA-965,0.0,ALFA Q - G2/G3,10.0,-2,6.1376545455,2.25,6.4772727275,0.9474010406577817,Muito alto
RA-973,0.0,ALFA Q - G2/G3,10.0,-2,6.9318363636,3.75,9.318181818,0.8870733393727255,Muito alto
RA-1356,0.0,ALFA Q - G2/G3,8.0,0,7.8695888889,5.5,9.4444444445,0.8137614121036872,Muito alto
RA-966,0.0,ALFA Q - G2/G3,10.0,-2,7.9943363636,9.0,8.568181818,0.9190765655517987,Muito alto
RA-1357,0.0,ALFA Q - G2/G3,9.0,-1,7.1807,6.75,7.5,0.8746994383310386,Muito alto
RA-969,0.0,ALFA Q - G2/G3,9.0,-1,7.453427272700001,7.25,7.863636363499999,0.8854288961584144,Muito alto
RA-1358,0.0,ALFA R - G0/G1,7.0,0,6.552990476200001,4.0,7.380952381,0.6717123534110514,Alto
RA-1359,0.0,ALFA R - G0/G1,7.0,0,7.2102,6.0,9.0,0.6762881823538432,Alto
RA-1360,0.0,ALFA R - G0/G1,8.0,0,6.8480623189,5.0,7.0018115945,0.7897534770074102,Muito alto
RA-1361,0.0,ALFA R - G0/G1,8.0,0,8.738700000000001,10.0,9.375,0.5373235907597261,Alto
RA-975,0.0,ALFA R - G0/G1,8.0,-1,7.1463666667000005,8.0,7.708333333500001,0.5750904207094493,Alto
RA-1362,0.0,ALFA R - G0/G1,7.0,0,7.709200000000001,8.5,6.875,0.6170282732712913,Alto
RA-977,0.0,ALFA R - G0/G1,8.0,-1,7.188033333300001,7.0,7.291666666499999,0.5894101602870564,Alto
RA-1363,0.0,ALFA S - G2/G3,7.0,0,7.690800000000001,6.5,10.0,0.6400939433014433,Alto
RA-981,0.0,ALFA S - G2/G3,8.0,-1,6.6513739130000005,6.0,7.010869565,0.7073132874270606,Muito alto
RA-1364,0.0,ALFA S - G2/G3,9.0,-1,7.570033333300001,8.75,8.4166666665,0.8826876511233912,Muito alto
RA-1365,0.0,ALFA S - G2/G3,9.0,-1,7.3700333333,6.5,9.7916666665,0.8236066689021623,Muito alto
RA-1366,0.0,ALFA S - G2/G3,8.0,-1,6.919852173900001,6.5,6.6032608695,0.6981747310956872,Alto
RA-974,0.0,ALFA S - G2/G3,8.0,-1,7.6077217391,6.5,9.2826086955,0.6299609376317309,Alto
RA-1367,0.0,ALFA S - G2/G3,8.0,0,8.427286956500001,8.75,8.3804347825,0.6327499394831465,Alto
RA-1368,0.0,ALFA S - G2/G3,8.0,0,8.6012,9.5,10.0,0.5817784790600663,Alto
RA-1369,0.0,ALFA S - G2/G3,7.0,0,8.052286956500001,8.0,8.6304347825,0.4196542186461711,Atenção
RA-978,0.0,ALFA S - G2/G3,8.0,-1,7.4637,6.5,9.5,0.5761139384881979,Alto
RA-1370,0.0,ALFA S - G2/G3,9.0,-1,8.0456444444,9.0,8.722222222,0.8200903680962981,Muito alto
RA-1371,0.0,ALFA S - G2/G3,11.0,-1,6.4843521739,4.5,6.9782608695,0.8296651401183205,Muito alto
RA-1372,0.0,ALFA T - G2/G3,8.0,0,7.9632,4.75,10.0,0.7745100303955759,Muito alto
RA-1373,0.0,ALFA T - G2/G3,9.0,-1,7.577286956500001,6.75,8.8804347825,0.8377913783330213,Muito alto
RA-1374,0.0,ALFA T - G2/G3,9.0,-1,7.3707652174,5.25,9.347826087,0.8840983198888577,Muito alto
RA-1375,0.0,ALFA T - G2/G3,9.0,-1,8.101200000000002,8.25,10.0,0.7752561682047419,Muito alto
RA-1376,0.0,ALFA T - G2/G3,9.0,-1,8.2742769231,9.75,9.6153846155,0.7766966469613468,Muito alto
RA-994,0.0,ALFA T - G2/G3,9.0,-1,7.7982217391,8.25,9.5326086955,0.7823665952785022,Muito alto
RA-1377,0.0,ALFA T - G2/G3,8.0,0,7.8987,5.5,10.0,0.8236733907426274,Muito alto
RA-1378,0.0,ALFA U - G2/G3,10.0,-1,7.6703428571,6.75,9.2857142855,0.772032661201761,Muito alto
RA-1379,0.0,ALFA U - G2/G3,8.0,-1,6.638292105300001,7.25,8.6842105265,0.6687138019989128,Alto
RA-1380,0.0,ALFA U - G2/G3,8.0,0,7.964342230600001,8.0,8.784461152999999,0.43992665620722593,Atenção
RA-770,0.0,ALFA U - G2/G3,9.0,-1,7.3057112782,5.0,9.022556391,0.8704515723676615,Muito alto
RA-1381,0.0,ALFA U - G2/G3,8.0,0,9.038200000000002,9.5,10.0,0.6941314552581345,Alto
RA-1382,0.0,ALFA U - G2/G3,9.0,-1,7.834830952400001,7.5,9.761904762,0.8412556308921086,Muito alto
RA-1383,0.0,ALFA U - G2/G3,8.0,0,8.3720803259,8.5,9.2606516295,0.5603659014926874,Alto
RA-1384,0.0,ALFA U - G2/G3,10.0,-2,6.221984461100001,5.0,7.5689223055,0.9507441399174434,Muito alto
RA-1385,0.0,ALFA U - G2/G3,8.0,-1,7.7262,8.0,10.0,0.48416697868456815,Atenção
RA-1386,0.0,ALFA U - G2/G3,8.0,-1,7.803580952400001,7.25,9.761904762,0.5720971829421196,Alto
RA-1387,0.0,ALFA U - G2/G3,8.0,-1,7.8030796992,8.0,8.759398496,0.5482448380529977,Alto
RA-1388,0.0,ALFA Y - G0/G1,8.0,-1,7.015057142799999,5.0,8.214285713999999,0.7375796115244013,Muito alto
RA-1389,0.0,ALFA Y - G0/G1,7.0,0,8.980533333299999,10.0,9.7916666665,0.6049910438380154,Alto
RA-1390,0.0,ALFA Y - G0/G1,7.0,0,8.4930333333,8.25,9.7916666665,0.5893788605729132,Alto
RA-1391,0.0,ALFA Y - G0/G1,7.0,0,8.8435333333,10.0,9.2916666665,0.5926634372613149,Alto
RA-1392,0.0,ALFA Y - G0/G1,9.0,-1,5.4262,0.0,5.625,0.9352930592890059,Muito alto
RA-1393,0.0,ALFA Y - G0/G1,7.0,0,7.2597,5.0,7.5,0.49304840542839534,Alto
RA-990,1.0,1A,10.0,-1,7.812283333400001,8.0,7.5,0.2082091649951399,Baixo
RA-1394,1.0,1A,10.0,-1,7.503255555500002,5.75,8.6944444445,0.3733161153606904,Atenção
RA-991,1.0,1A,10.0,-1,7.057230303000001,6.5,8.181818182,0.5734788194924364,Alto
RA-1018,1.0,1A,10.0,-1,7.7054045454,8.25,7.727272727,0.08426746335023186,Baixo
RA-1395,1.0,1A,9.0,0,8.5997833334,7.75,10.0,0.48453496070316016,Atenção
RA-1396,1.0,1A,11.0,-1,7.8477,6.5,10.0,0.6582673637795843,Alto
RA-1025,1.0,1A,10.0,-1,7.897071212,9.0,7.727272727,0.15180088029990327,Baixo
RA-1019,1.0,1A,9.0,0,8.692255194900001,8.75,9.3073593075,0.2436645304810721,Baixo
RA-879,1.0,1A,10.0,-1,8.1096318182,8.5,9.090909091,0.04016257234271297,Baixo
RA-1020,1.0,1A,10.0,0,8.9544954545,9.0,9.7727272725,0.1309960918517022,Baixo
RA-1021,1.0,1A,10.0,-1,8.0985863636,8.0,9.318181818,0.11475567309567994,Baixo
RA-1022,1.0,1A,10.0,-1,7.613169697000002,6.5,9.318181818,0.1031883726643619,Baixo
RA-1397,1.0,1A,10.0,-1,7.8280333334,7.0,10.0,0.12306264805881084,Baixo
RA-699,1.0,1A,11.0,-1,6.427771212000001,6.5,7.727272727000001,0.8322060421390519,Muito alto
RA-1398,1.0,1B,11.0,-1,7.989700527000001,8.0,9.555335968,0.541763223541276,Alto
RA-871,1.0,1B,10.0,0,7.291729314799999,7.25,9.328063241,0.42886245718923927,Atenção
RA-1399,1.0,1B,11.0,-1,7.438578787899999,6.0,9.7727272725,0.5309574693393481,Alto
RA-873,1.0,1B,12.0,-2,7.61095,6.75,10.0,0.8327569725344156,Muito alto
RA-898,1.0,1B,10.0,-1,7.8661333334,7.5,10.0,0.16169799222075174,Baixo
RA-750,1.0,1B,12.0,-2,4.542230369,3.75,5.938735178,0.9090350199274264,Muito alto
RA-899,1.0,1B,9.0,0,8.425024769300002,8.25,9.1007905135,0.2938174331112421,Baixo
RA-878,1.0,1B,11.0,-1,6.5335560606000005,6.75,6.1363636360000005,0.8344125964903879,Muito alto
RA-893,1.0,1B,10.0,0,8.8910333334,9.25,10.0,0.15641807215363332,Baixo
RA-1024,1.0,1B,11.0,-1,8.6516166666,10.0,10.0,0.5481799622542521,Alto
RA-900,1.0,1B,9.0,0,8.802003030200002,8.5,9.318181818,0.26017420918112344,Baixo
RA-903,1.0,1B,9.0,0,8.0758287879,5.0,9.7727272725,0.5303129029121475,Alto
RA-1400,1.0,1B,9.0,0,7.622839525700001,7.25,6.6501976285,0.5903240977277405,Alto
RA-851,1.0,1B,10.0,-1,6.2114602109,6.0,7.3221343875,0.6414831297847743,Alto
RA-1028,1.0,1B,12.0,-2,7.1404338602,7.5,7.055335968,0.7816714327093648,Muito alto
RA-922,1.0,1C,9.0,0,8.5209954545,7.75,9.5227272725,0.3000632388483232,Atenção
RA-684,1.0,1C,9.0,0,7.769381818200001,4.25,9.090909091,0.5598050680625771,Alto
RA-1031,1.0,1C,11.0,-1,6.8757227273,6.25,8.6363636365,0.9283016183008047,Muito alto
RA-892,1.0,1C,9.0,0,8.697700000000001,8.75,10.0,0.34348442030767545,Atenção
RA-1029,1.0,1C,10.0,-1,7.797790909100001,8.75,8.7954545455,0.33216454954240293,Atenção
RA-1032,1.0,1C,11.0,-1,8.01645,8.0,9.75,0.5702701989315712,Alto
RA-894,1.0,1C,10.0,-1,8.67895,9.5,10.0,0.06162407840076606,Baixo
RA-1401,1.0,1C,13.0,-2,8.1188277778,10.0,8.888888889,0.82949582341373,Muito alto
RA-896,1.0,1C,8.0,0,8.2852454545,6.5,9.7727272725,0.4703934324812806,Atenção
RA-693,1.0,1C,9.0,0,8.9079954545,8.0,9.5227272725,0.25060003029681077,Baixo
RA-743,1.0,1C,11.0,-1,7.655745454500001,7.0,9.2727272725,0.6904108528936662,Alto
RA-681,1.0,1C,11.0,-1,6.0398818182000005,2.5,7.840909091,0.9160151121887772,Muito alto
RA-1035,1.0,1C,10.0,-1,7.833495454500001,7.0,9.0227272725,0.0959317977259143,Baixo
RA-850,1.0,1C,10.0,-1,7.864245454500001,7.75,9.2727272725,0.06030372027588549,Baixo
RA-1402,1.0,1D,10.0,0,8.588040909100002,7.25,9.5454545455,0.1773314831032193,Baixo
RA-1403,1.0,1D,11.0,-1,8.257421861500001,8.75,9.3073593075,0.5057012340524581,Alto
RA-1404,1.0,1D,9.0,0,8.3971318182,7.5,9.090909091,0.4872463761444453,Atenção
RA-923,1.0,1D,9.0,0,7.688609090900001,5.5,7.9545454545,0.5255660563069036,Alto
RA-847,1.0,1D,11.0,-1,5.009290909100001,1.0,4.5454545455,0.94882760543004,Muito alto
RA-1405,1.0,1D,10.0,0,8.4749727273,8.75,8.6363636365,0.17145435563838393,Baixo
RA-1406,1.0,1D,10.0,-1,7.8186772727,7.5,8.8636363635,0.12045253530393688,Baixo
RA-1407,1.0,1D,10.0,-1,7.546086363600001,5.75,9.318181818,0.5033633981419109,Alto
RA-1408,1.0,1D,11.0,-1,7.626768181800001,6.75,8.409090909,0.757652089824183,Muito alto
RA-1409,1.0,1D,10.0,-1,7.863131818100001,7.25,9.0909090905,0.2974570691967757,Baixo
RA-1410,1.0,1E,11.0,-1,7.5319272727,6.25,8.1136363635,0.6754640082050498,Alto
RA-874,1.0,1E,10.0,-1,7.0235939394,7.75,4.696969697,0.26720507378998976,Baixo
RA-1411,1.0,1E,11.0,-1,6.886950000000001,2.75,9.5,0.7538767049743081,Muito alto
RA-1412,1.0,1E,10.0,0,9.2046718615,9.75,9.3073593075,0.23169074127811976,Baixo
RA-690,1.0,1E,11.0,-1,7.3853681818,6.25,8.409090909,0.7132703791563823,Muito alto
RA-1413,1.0,1E,12.0,-2,7.747564718600001,7.25,8.593073593,0.8507028385753008,Muito alto
RA-1414,1.0,1E,10.0,0,8.840007359300001,8.5,9.2965367965,0.18338700919313017,Baixo
RA-995,1.0,1E,12.0,-2,5.110372077899999,2.0,5.3896103895,0.9338264926810972,Muito alto
RA-853,1.0,1G,10.0,0,7.986866666600001,6.25,9.5833333335,0.2316113914494338,Baixo
RA-854,1.0,1G,9.0,0,7.826199999900001,7.0,10.0,0.48236996586179504,Atenção
RA-1415,1.0,1G,10.0,-1,7.3712454546,6.75,9.7727272725,0.4973771547862554,Alto
RA-842,1.0,1G,10.0,-1,7.072914756400001,7.5,7.549407115,0.377221695757859,Atenção
RA-700,1.0,1G,11.0,-1,7.005745454500001,5.25,9.564393939,0.8086529507748588,Muito alto
RA-1416,1.0,1G,12.0,-1,7.375503030400001,7.75,8.2765151515,0.7434072433028377,Muito alto
RA-911,1.0,1G,12.0,-2,5.4552454547,4.5,4.772727273,0.9220945694491957,Muito alto
RA-859,1.0,1G,9.0,0,8.5817909091,8.0,9.337121212,0.2657215064512302,Baixo
RA-860,1.0,1G,9.0,0,8.7738666667,8.5,9.7916666665,0.36221710232608406,Atenção
RA-727,1.0,1G,10.0,0,8.447003030300001,8.5,8.4848484845,0.14712210237886125,Baixo
RA-1417,1.0,1G,10.0,-1,7.7436242424,9.0,9.337121212,0.5091966013624226,Alto
RA-910,1.0,1G,9.0,0,8.1163818182,7.5,8.674242424500001,0.49892951981084893,Alto
RA-840,1.0,1G,10.0,0,8.5912909091,8.0,9.337121212,0.10917097728002222,Baixo
RA-926,1.0,1G,10.0,-1,7.7830787878,7.0,9.7727272725,0.3819849939543778,Atenção
RA-1418,1.0,1G,11.0,-1,7.7352909091000015,8.25,9.128787879,0.7330152517923523,Muito alto
RA-927,1.0,1G,10.0,0,7.9921696969,6.5,9.318181818,0.4143256882139664,Atenção
RA-672,1.0,1H,11.0,-1,4.2118138341,0.0,3.95256917,0.8991420264387305,Muito alto
RA-1043,1.0,1H,11.0,-1,7.539847562500002,8.25,7.994071146,0.7729387363620198,Muito alto
RA-738,1.0,1H,10.0,-1,7.2626980238,7.25,7.292490119,0.43463076663801603,Atenção
RA-1419,1.0,1H,10.0,0,8.7536999999,7.5,10.0,0.15720835115190826,Baixo
RA-704,1.0,1H,12.0,-1,6.8121156785000005,6.5,8.646245059,0.7671057525253541,Muito alto
RA-705,1.0,1H,12.0,-1,5.294247619100001,3.5,6.4285714285,0.8765423397607713,Muito alto
RA-822,1.0,1H,12.0,-2,5.2645678524,6.75,4.6245059285,0.917983284839681,Muito alto
RA-740,1.0,1H,11.0,-1,8.1611005269,8.0,9.555335968,0.45549674646552957,Atenção
RA-741,1.0,1H,12.0,-1,5.0795885374,3.75,5.2964426875,0.8133779152885294,Muito alto
RA-1420,1.0,1H,12.0,-2,5.6558,4.5,5.520833333500001,0.9115292555774578,Muito alto
RA-709,1.0,1H,12.0,-1,6.833780895800001,6.0,7.994071146,0.7976592819865924,Muito alto
RA-1421,1.0,1H,11.0,-1,7.126922222200001,7.5,6.777777778,0.8391422755518816,Muito alto
RA-1422,1.0,1J,11.0,-1,7.0132,4.75,7.5,0.7981003600994221,Muito alto
RA-1423,1.0,1J,11.0,-1,6.403450000000001,5.75,5.3125,0.8819426481004645,Muito alto
RA-733,1.0,1J,10.0,-1,8.808825,9.25,10.0,0.06303436111248306,Baixo
RA-836,1.0,1J,11.0,-1,6.0234537878,2.75,6.439393939,0.9275853643574694,Muito alto
RA-1424,1.0,1J,12.0,-1,7.5543388889,7.25,8.9444444445,0.7497762314871055,Muito alto
RA-1425,1.0,1J,12.0,-1,6.8290988095000005,7.0,6.7976190475,0.7787396279537531,Muito alto
RA-1426,1.0,1J,11.0,-1,5.8367476190000005,2.75,5.845238095,0.9044987265642854,Muito alto
RA-716,1.0,1J,11.0,-1,6.2372943675000005,5.75,5.5335968375,0.9311843068696376,Muito alto
RA-1049,1.0,1J,11.0,-1,6.821885606,4.5,8.03030303,0.9518378146955219,Muito alto
RA-1427,1.0,1J,11.0,-1,8.425325,8.0,10.0,0.4574955461646681,Atenção
RA-1052,1.0,1J,10.0,-1,7.744032575800001,8.25,9.128787879,0.07446295790278754,Baixo
RA-719,1.0,1J,12.0,-1,7.1193969697,6.5,7.3484848485,0.7924669682446974,Muito alto
RA-1055,1.0,1J,12.0,-2,6.403040909100001,5.5,5.7954545455,0.939140900454205,Muito alto
RA-747,1.0,1K,12.0,-2,5.8450809523,2.25,8.095238095,0.9014398539259839,Muito alto
RA-928,1.0,1K,9.0,0,8.8733666667,8.75,10.0,0.30166688667587555,Atenção
RA-748,1.0,1K,11.0,-1,8.2272,7.75,10.0,0.6455545514648159,Alto
RA-769,1.0,1K,11.0,-1,7.099342857200002,6.0,5.9523809525,0.7970030045324159,Muito alto
RA-876,1.0,1K,9.0,0,7.612057142800001,3.75,9.0476190475,0.5628586454913338,Alto
RA-776,1.0,1K,11.0,-1,5.178509523800001,0.0,5.9523809525,0.9087616076548696,Muito alto
RA-753,1.0,1K,10.0,-1,8.2450571429,8.5,9.047619048,0.06950530632922998,Baixo
RA-601,1.0,1K,10.0,-1,8.5107,8.75,10.0,0.0861677408150594,Baixo
RA-955,1.0,1K,11.0,-1,6.245452381,5.75,6.904761905,0.7424091800290509,Muito alto
RA-831,1.0,1K,10.0,-1,8.0066285715,7.75,9.523809524,0.03375857877240527,Baixo
RA-1067,1.0,1K,11.0,-1,7.840033333300001,6.75,8.333333332999999,0.6399688081568357,Alto
RA-1058,1.0,1K,10.0,-1,7.703347619,7.75,8.095238095,0.06868790404179738,Baixo
RA-757,1.0,1K,11.0,-1,7.938842857200001,7.0,9.285714286,0.5831799306116248,Alto
RA-794,1.0,1K,10.0,0,7.145652380900001,3.0,6.9047619045,0.41459986223121886,Atenção
RA-960,1.0,1K,11.0,-1,5.286047619,3.0,8.095238095,0.9077857324839935,Muito alto
RA-587,1.0,1L,12.0,-2,6.817057142900001,6.25,7.380952381,0.9684538015052766,Muito alto
RA-826,1.0,1L,10.0,-1,7.9442,6.75,10.0,0.06776798136605723,Baixo
RA-789,1.0,1L,9.0,0,8.0443904763,5.25,9.047619048,0.5252486729756244,Alto
RA-1056,1.0,1L,10.0,-1,8.192009523800001,8.25,9.2857142855,0.03609288862236183,Baixo
RA-1428,1.0,1L,10.0,-1,8.006108496800001,8.0,8.8562091505,0.10579773096115591,Baixo
RA-830,1.0,1L,11.0,-1,7.1373428571,6.75,7.619047619,0.8737370598533025,Muito alto
RA-780,1.0,1L,11.0,-1,7.7430333333,6.0,10.0,0.549618238833428,Alto
RA-1057,1.0,1L,10.0,-1,8.2352,8.0,10.0,0.04415507389615872,Baixo
RA-1062,1.0,1L,10.0,-1,7.6147238096,7.25,9.047619048,0.0700372512809145,Baixo
RA-1429,1.0,1L,11.0,-1,8.041811111100001,7.75,8.888888889,0.6122019415040808,Alto
RA-1430,1.0,1L,11.0,-1,7.864033333300001,6.25,10.0,0.5888699801173962,Alto
RA-767,1.0,1L,12.0,-2,8.131890476200002,8.25,9.0476190475,0.8883393423210434,Muito alto
RA-943,1.0,1L,9.0,0,8.965033333300001,8.0,10.0,0.25809249760318875,Baixo
RA-782,1.0,1L,10.0,0,8.1896285714,7.75,7.857142856999999,0.13241490314278606,Baixo
RA-795,1.0,1L,10.0,-1,8.441414285700002,9.5,9.761904762,0.1058371606376756,Baixo
RA-1431,1.0,1M,11.0,-1,7.9147292443,8.0,7.7432712215,0.5863908177621684,Alto
RA-1432,1.0,1M,10.0,-1,8.774075000000002,9.5,10.0,0.17905600404507924,Baixo
RA-1433,1.0,1M,10.0,-1,8.1939895962,8.75,9.068322981,0.08089497872735839,Baixo
RA-1434,1.0,1M,10.0,-1,8.2775982919,9.0,7.9813664595,0.15439880537021006,Baixo
RA-958,1.0,1M,9.0,0,9.531325,10.0,10.0,0.19608410159567222,Baixo
RA-961,1.0,1M,10.0,-1,6.529417908900001,5.5,8.8923395445,0.7123305564517747,Muito alto
RA-1435,1.0,1M,10.0,0,7.7196166667,7.5,7.833333333500001,0.5162177457691258,Alto
RA-755,1.0,1M,10.0,-1,8.925450000000001,9.75,10.0,0.09491050479357901,Baixo
RA-1436,1.0,1M,11.0,-1,7.589914648100001,8.0,8.674948240500001,0.7435827342413768,Muito alto
RA-1437,1.0,1M,11.0,-1,7.982890217400001,8.0,9.347826087,0.620767579633701,Alto
RA-1438,1.0,1M,10.0,-1,8.176825000000001,7.0,9.0,0.0854260395302096,Baixo
RA-1439,1.0,1M,11.0,-1,8.507700000000002,8.5,10.0,0.5267112512315544,Alto
RA-1440,1.0,1M,10.0,-1,7.469102691500001,4.5,9.5445134575,0.42000899176059503,Atenção
RA-1441,1.0,1M,9.0,0,8.961646169800002,8.5,9.109730849,0.41464441748744857,Atenção
RA-1442,1.0,1M,13.0,-2,7.135189648100001,7.25,8.674948240500001,0.9306876649175346,Muito alto
RA-1443,1.0,1N,13.0,-2,6.921633333300001,6.75,7.5,0.9146396086127601,Muito alto
RA-1444,1.0,1N,11.0,-1,6.610588888900001,6.0,5.277777778,0.8068120858235488,Muito alto
RA-956,1.0,1N,12.0,-1,6.1175906455,3.25,6.017786561,0.817015647750937,Muito alto
RA-952,1.0,1N,9.0,0,8.853624242300002,8.5,9.545454545,0.22157989091854857,Baixo
RA-939,1.0,1N,12.0,-1,7.051379841899999,5.0,8.8833992095,0.6904463212262099,Alto
RA-953,1.0,1N,9.0,0,7.961241502000001,8.5,6.85770751,0.29708619973380757,Baixo
RA-954,1.0,1N,9.0,0,8.2823798419,7.75,8.8833992095,0.28341160093619416,Baixo
RA-792,1.0,1N,11.0,-1,6.036012253,3.25,5.2865612650000005,0.8839039971543696,Muito alto
RA-1000,1.0,1N,9.0,0,8.364790909100002,7.75,9.5454545455,0.25084269170107865,Baixo
RA-763,1.0,1N,11.0,-1,6.984760606,5.25,8.8636363635,0.8230217831157691,Muito alto
RA-1001,1.0,1N,10.0,-1,7.7964318841,7.75,9.347826087,0.05694427250759995,Baixo
RA-1445,1.0,1N,10.0,-1,7.842866666700001,7.25,9.5,0.2481658749189397,Baixo
RA-1446,1.0,1N,9.0,0,5.9004061924,0.0,6.6501976285,0.8395325832015528,Muito alto
RA-768,1.0,1N,12.0,-1,7.0345379447,5.5,7.9841897235,0.711557222136836,Muito alto
RA-1447,1.0,1N,11.0,-1,7.5402350878,5.25,9.7368421055,0.6776232824433249,Alto
RA-980,1.0,1P,9.0,0,7.946388311600001,6.25,9.058441558,0.5505045668816652,Alto
RA-982,1.0,1P,8.0,0,8.119860173100001,8.25,8.365800865499999,0.6321211362550967,Alto
RA-1448,1.0,1P,13.0,-2,7.466126406900001,6.0,9.5346320345,0.9184380516520093,Muito alto
RA-1070,1.0,1P,12.0,-1,6.287171861500001,2.25,9.3073593075,0.850464591650179,Muito alto
RA-985,1.0,1P,9.0,0,8.2432,7.5,10.0,0.30906395458977853,Atenção
RA-986,1.0,1P,9.0,0,8.2603406926,8.5,9.2965367965,0.46023374211632917,Atenção
RA-810,1.0,1P,10.0,-1,7.704770175400001,9.0,9.4736842105,0.08402145152448832,Baixo
RA-987,1.0,1P,9.0,0,8.3028861472,7.5,9.0692640695,0.3935910290511075,Atenção
RA-988,1.0,1P,10.0,-1,8.1765333333,7.75,10.0,0.04830678088812383,Baixo
RA-805,1.0,1R,10.0,-1,6.9375869048,6.0,9.523809524,0.5671070118283198,Alto
RA-806,1.0,1R,10.0,-1,6.972777380900001,6.75,6.9047619045,0.6103444850918478,Alto
RA-807,1.0,1R,10.0,0,7.797628571400001,7.0,7.857142856999999,0.4304719282677841,Atenção
RA-808,1.0,1R,10.0,0,8.7897,8.75,10.0,0.13776202399428436,Baixo
RA-963,1.0,1R,10.0,0,8.375080952400001,7.5,9.761904762,0.14105627047864355,Baixo
RA-989,1.0,1R,10.0,0,7.3743785714,6.0,7.857142856999999,0.5392360028119266,Alto
RA-964,1.0,1R,10.0,-1,7.548241666600001,7.25,8.333333332999999,0.5378464584202908,Alto
RA-1449,1.0,1R,10.0,-1,7.214341666700001,6.75,8.3333333335,0.5936253971621758,Alto
RA-801,1.0,1R,10.0,-1,6.6752,8.0,5.75,0.517756550787801,Alto
RA-1450,1.0,1R,9.0,0,7.405235714200002,3.5,8.571428571,0.7899233074755762,Muito alto
RA-984,1.0,1R,9.0,0,8.475080952400003,7.0,9.761904762,0.3685618898575561,Atenção
RA-1451,1.0,1R,11.0,-1,7.560479761900002,6.0,8.8095238095,0.7985454697626153,Muito alto
RA-967,1.0,1R,11.0,-1,5.442610714300001,4.75,3.5714285715,0.9122424614400928,Muito alto
RA-968,1.0,1R,10.0,-1,7.8403547619,7.75,8.8095238095,0.17604472646590458,Baixo
RA-521,2.0,2A,11.0,0,7.479842857199999,6.25,9.0357142855,0.22062007367574,Baixo
RA-821,2.0,2A,11.0,0,6.643866666600001,4.25,5.9166666665,0.4974099075276257,Alto
RA-1075,2.0,2A,13.0,-1,6.8100812324,6.0,8.5154061625,0.6488124331487265,Alto
RA-1048,2.0,2A,11.0,1,7.5198666666,6.25,6.833333333500001,0.2614466910211731,Baixo
RA-1082,2.0,2A,13.0,-1,6.6114857142,3.75,7.5714285715,0.7928560816943327,Muito alto
RA-680,2.0,2A,12.0,-1,4.9800714287000005,3.0,6.6428571430000005,0.5475928007230771,Alto
RA-698,2.0,2A,10.0,0,7.3363190476,4.5,8.3214285715,0.4345708299315506,Atenção
RA-1452,2.0,2A,12.0,0,8.6268666667,7.75,10.0,0.06810757399474901,Baixo
RA-1453,2.0,2A,12.0,-1,7.1234857143,6.5,7.8214285715,0.11454054274550579,Baixo
RA-1454,2.0,2A,10.0,0,7.7042238095,7.75,5.880952381,0.11587607280996938,Baixo
RA-1455,2.0,2A,12.0,-1,6.6442555555,3.5,7.777777778,0.3648286662543625,Atenção
RA-529,2.0,2A,14.0,-1,5.2661285715,4.25,6.607142857,0.8484608690077325,Muito alto
RA-1456,2.0,2A,11.0,0,8.492914285800001,7.75,9.511904762,0.12254441327900616,Baixo
RA-1015,2.0,2B,11.0,0,6.643252381000002,4.0,7.8214285715,0.5959284751697468,Alto
RA-483,2.0,2B,13.0,-1,6.578604762,5.25,5.6428571430000005,0.7040123266752346,Muito alto
RA-497,2.0,2B,15.0,-1,4.4960809524,1.0,6.095238095,0.8740294619058213,Muito alto
RA-1457,2.0,2B,12.0,-1,6.0197761904,2.75,8.0357142855,0.4915623462737916,Alto
RA-688,2.0,2B,11.0,0,8.986533333300002,7.5,10.0,0.09191952807026348,Baixo
RA-696,2.0,2B,10.0,0,7.482680952299999,5.25,7.845238095,0.192698055027415,Baixo
RA-1458,2.0,2B,12.0,-1,5.879073684200001,3.25,7.280701754500001,0.7349205094827709,Muito alto
RA-1034,2.0,2B,11.0,0,8.0333666666,7.5,8.0833333335,0.07165862044320873,Baixo
RA-491,2.0,2B,12.0,-1,6.995247619100001,5.25,9.011904762,0.43924227860105947,Atenção
RA-1027,2.0,2B,11.0,0,8.220866666700001,5.25,10.0,0.21464151670765902,Baixo
RA-1023,2.0,2B,10.0,0,9.4985809523,9.5,9.511904762,0.08680402578700785,Baixo
RA-686,2.0,2C,11.0,0,8.040259523700001,7.25,8.7857142855,0.12601081121833516,Baixo
RA-480,2.0,2C,12.0,0,7.260202380900001,5.0,8.0714285715,0.3271983109648233,Atenção
RA-1459,2.0,2C,12.0,-1,6.665390476100001,3.75,8.2976190475,0.6384053963041436,Alto
RA-1460,2.0,2C,12.0,0,6.784805263200001,3.25,7.460526316,0.5830288377248768,Alto
RA-1017,2.0,2C,12.0,0,7.345521428500001,5.0,7.8095238095,0.3525965188545151,Atenção
RA-499,2.0,2C,12.0,0,7.5794738095,4.75,9.0476190475,0.4012571093923294,Atenção
RA-514,2.0,2C,11.0,0,6.219580952400001,3.0,7.595238095,0.580001306426177,Alto
RA-1461,2.0,2C,12.0,-1,6.871961904800001,2.75,9.273809524,0.726333041105698,Muito alto
RA-1462,2.0,2D,13.0,-1,7.6243666666,6.5,10.0,0.6238272832266767,Alto
RA-1463,2.0,2D,12.0,0,9.074561111,10.0,9.722222222,0.1222424627827703,Baixo
RA-1464,2.0,2D,13.0,-1,7.288424359,6.25,7.794871795,0.693795611637597,Alto
RA-687,2.0,2D,11.0,0,8.2739844611,7.25,9.2355889725,0.06000487445000203,Baixo
RA-1030,2.0,2D,12.0,0,7.740191604,8.0,8.28320802,0.09602238405943911,Baixo
RA-1465,2.0,2D,12.0,-1,7.3344666666,5.75,8.75,0.25694397700265076,Baixo
RA-522,2.0,2D,11.0,0,8.6777119048,9.0,9.523809524,0.058378000532649715,Baixo
RA-501,2.0,2D,11.0,0,8.2779474937,8.75,7.9949874685,0.049320498969517367,Baixo
RA-1466,2.0,2D,12.0,0,8.213723809600001,7.5,7.380952381,0.1100149204553609,Baixo
RA-502,2.0,2D,10.0,0,8.5023309524,8.0,9.761904762,0.04303741883171709,Baixo
RA-1467,2.0,2D,12.0,0,8.836711278200001,9.25,9.022556391,0.09019375399148423,Baixo
RA-1468,2.0,2D,12.0,0,8.1281028822,7.0,8.972431078,0.22248080450625696,Baixo
RA-527,2.0,2D,11.0,0,8.1403666666,6.0,10.0,0.24450232849017547,Baixo
RA-1469,2.0,2D,13.0,-1,7.459755555500001,4.75,9.4444444445,0.5591500552303899,Alto
RA-1470,2.0,2G,12.0,-1,5.967421532000001,5.0,6.35610766,0.5041673369204679,Alto
RA-1471,2.0,2G,13.0,-1,7.404455434800001,7.5,7.195652174,0.7483051912183222,Muito alto
RA-710,2.0,2G,12.0,-1,7.0366241342,6.75,8.170995671,0.36160624571929734,Atenção
RA-1472,2.0,2G,11.0,0,8.773575000000001,8.75,10.0,0.04287234877233301,Baixo
RA-837,2.0,2G,10.0,0,7.9648467391,6.75,9.7826086955,0.1235846936078282,Baixo
RA-549,2.0,2G,12.0,-1,6.5398187888,5.75,7.204968943999999,0.43007404466660626,Atenção
RA-571,2.0,2G,13.0,-1,6.2964554348,5.25,8.695652174,0.7662751254119892,Muito alto
RA-731,2.0,2G,12.0,-1,4.7704873377000006,2.5,4.188311688500001,0.6373064216566433,Alto
RA-706,2.0,2G,11.0,0,5.8701964286,3.25,7.1428571430000005,0.597398928232882,Alto
RA-707,2.0,2G,12.0,-1,6.4975618421000005,6.5,7.7236842105,0.3252742095502791,Atenção
RA-1044,2.0,2G,11.0,0,7.966711904800001,7.0,9.523809524,0.2506323397542413,Baixo
RA-1054,2.0,2G,13.0,-1,6.985788509300001,6.25,7.3291925465,0.8582387092628008,Muito alto
RA-721,2.0,2G,10.0,0,8.8986026915,8.25,9.5445134575,0.06513600027344611,Baixo
RA-1473,2.0,2G,13.0,-1,6.689320600500001,5.25,8.4368530025,0.8301885790968289,Muito alto
RA-735,2.0,2H,12.0,-1,7.7888467391,8.0,9.7826086955,0.07537610433102207,Baixo
RA-712,2.0,2H,13.0,-1,6.2236373706000006,6.75,5.983436853,0.7303721997737741,Muito alto
RA-1103,2.0,2H,11.0,0,7.861995031000001,7.25,7.763975155000001,0.1511255760909918,Baixo
RA-570,2.0,2H,12.0,-1,6.8133640787,6.75,8.0020703935,0.2551816437460742,Baixo
RA-713,2.0,2H,11.0,0,7.467500983400001,6.75,7.525879916999999,0.33162909452392164,Atenção
RA-714,2.0,2H,13.0,-1,5.4653662008,4.0,6.873706004,0.8075802758134748,Muito alto
RA-737,2.0,2H,11.0,0,8.4695488613,9.25,8.6542443065,0.04259898666913983,Baixo
RA-1474,2.0,2H,11.0,0,7.384207505200001,7.5,7.960662526,0.3142008824620525,Atenção
RA-1036,2.0,2H,12.0,0,8.2841303831,7.0,9.0890269155,0.06139913714668738,Baixo
RA-576,2.0,2H,12.0,0,8.93195,9.25,10.0,0.05053485634727236,Baixo
RA-577,2.0,2H,12.0,-1,6.629159109700001,8.0,5.7660455485,0.23873942501489026,Baixo
RA-580,2.0,2H,12.0,-1,7.9281521222,9.25,8.871635610999999,0.22213487473836682,Baixo
RA-581,2.0,2H,12.0,-1,7.0833015528,8.75,8.198757764,0.23501087759373468,Baixo
RA-841,2.0,2H,12.0,-1,6.035771224300001,3.25,6.3272311215000006,0.5868269215576921,Alto
RA-730,2.0,2I,11.0,0,8.469255555700002,9.5,7.152777778,0.06280631154408799,Baixo
RA-855,2.0,2I,10.0,0,8.578533333400001,8.5,10.0,0.2087561242588232,Baixo
RA-820,2.0,2I,11.0,0,7.426572549100001,6.25,6.573529412,0.3971311920041929,Atenção
RA-715,2.0,2I,11.0,0,5.3098253133,2.75,5.250626566499999,0.6252214104614726,Alto
RA-1038,2.0,2I,11.0,0,7.9646385965,8.5,7.5438596495,0.1923178816852945,Baixo
RA-1475,2.0,2I,10.0,0,7.413901754400001,5.0,8.070175439,0.3648756980007186,Atenção
RA-1039,2.0,2I,13.0,-1,7.549644444400001,7.25,9.722222222,0.6579229097740482,Alto
RA-745,2.0,2I,11.0,0,8.6102,8.5,10.0,0.027163480871080965,Baixo
RA-718,2.0,2I,10.0,1,8.705811111100001,9.5,9.5138888885,0.08747531575724803,Baixo
RA-1040,2.0,2I,12.0,-1,7.764199999900001,8.25,8.5416666665,0.24598167971724624,Baixo
RA-746,2.0,2I,10.0,0,7.903311111100001,8.0,7.4305555555,0.22964214895408086,Baixo
RA-1069,2.0,2K,12.0,0,7.678917391300001,6.25,7.0760869565,0.14515702987920873,Baixo
RA-1476,2.0,2K,11.0,0,8.80795,8.5,10.0,0.049488735327653306,Baixo
RA-827,2.0,2K,12.0,0,8.2483467391,7.25,9.7826086955,0.027456530375139877,Baixo
RA-1477,2.0,2K,11.0,0,7.0514989130000005,5.0,8.010869565,0.5633030011370875,Alto
RA-762,2.0,2K,14.0,-2,5.9677326087,3.75,6.4239130435,0.9749909828294885,Muito alto
RA-778,2.0,2K,11.0,0,8.0754139589,7.0,8.1235697945,0.17052615075822308,Baixo
RA-591,2.0,2K,13.0,-1,6.8360336957,7.5,7.913043478500001,0.6377406368923744,Alto
RA-1478,2.0,2K,11.0,0,6.7210333334,4.25,6.666666667,0.5516693943376739,Alto
RA-829,2.0,2K,10.0,1,9.171825000000002,8.0,9.75,0.15672281865085344,Baixo
RA-1479,2.0,2K,12.0,0,6.615766239300001,4.25,6.1965811965,0.522471865752379,Alto
RA-1480,2.0,2K,12.0,-1,7.09445,5.5,8.875,0.45263210592510467,Atenção
RA-438,2.0,2K,12.0,-1,7.930283695700001,8.25,8.6630434785,0.0404191165782655,Baixo
RA-607,2.0,2K,12.0,0,7.6486021739,7.0,7.4782608695,0.22581653994960119,Baixo
RA-1481,2.0,2K,12.0,-1,6.860721739100001,4.75,8.782608695499999,0.465179581276293,Atenção
RA-1482,2.0,2K,14.0,-1,5.2257,0.0,5.0,0.9365123633646908,Muito alto
RA-1483,2.0,2K,11.0,0,7.311433695700001,6.5,7.913043478500001,0.46230146989657395,Atenção
RA-1484,2.0,2L,14.0,-1,7.754200000000001,7.0,10.0,0.5417081533300298,Alto
RA-1485,2.0,2L,13.0,-1,6.7386875777,5.0,7.7432712215,0.8598718168944031,Muito alto
RA-1486,2.0,2L,11.0,0,6.865474509900001,5.75,5.431372549,0.44107480675002086,Atenção
RA-597,2.0,2L,11.0,0,7.843291097300001,6.0,9.3271221535,0.4225452996962475,Atenção
RA-624,2.0,2L,12.0,0,7.229425672900001,4.0,8.219461698,0.2896442415269451,Baixo
RA-1487,2.0,2L,13.0,-1,8.0267434782,8.25,9.5652173915,0.47945710098932665,Atenção
RA-1488,2.0,2L,11.0,0,6.7668935818000016,3.5,7.111801242,0.49871194851773787,Alto
RA-1489,2.0,2L,12.0,-1,5.9842289855000015,5.0,5.793478261000001,0.5589215669212477,Alto
RA-600,2.0,2L,11.0,0,7.847373913,7.5,8.010869565,0.20205601783067925,Baixo
RA-663,2.0,2L,12.0,-1,6.696419461700001,6.5,7.0910973085,0.33312530595009276,Atenção
RA-1490,2.0,2L,12.0,-1,7.3725768116,7.75,9.5652173915,0.34157943995710904,Atenção
RA-1491,2.0,2L,12.0,0,7.5072,6.5,6.25,0.21688440541275164,Baixo
RA-1066,2.0,2L,11.0,0,7.9326223603,7.25,8.3954451345,0.15322154229323343,Baixo
RA-630,2.0,2L,11.0,0,6.879985507300001,5.75,8.4782608695,0.3332521686567722,Atenção
RA-1492,2.0,2L,9.0,1,8.479020512900002,8.0,8.8141025645,0.38572973146791195,Atenção
RA-834,2.0,2L,11.0,0,8.513646169700001,8.75,9.109730849,0.029322469741488937,Baixo
RA-784,2.0,2M,11.0,0,8.8857454545,8.75,9.7727272725,0.046593382220667355,Baixo
RA-1059,2.0,2M,11.0,0,8.678450000000002,7.5,10.0,0.03413958095538277,Baixo
RA-612,2.0,2M,12.0,0,9.1340409091,9.75,9.5454545455,0.04488692139333503,Baixo
RA-1060,2.0,2M,12.0,0,6.448416666600001,3.25,6.0,0.49027337585951974,Alto
RA-761,2.0,2M,11.0,0,8.174593939300001,7.25,8.8636363635,0.053984547196446915,Baixo
RA-1493,2.0,2M,12.0,-1,6.378661323900001,4.0,7.8468899525,0.6336279425465062,Alto
RA-665,2.0,2M,12.0,-1,5.698703030200001,4.75,5.068181818,0.47097134670196,Atenção
RA-1115,2.0,2M,12.0,0,6.570068686900001,6.25,4.2676767675,0.30656904438292776,Atenção
RA-1061,2.0,2M,11.0,0,8.76595,8.5,10.0,0.028013414526109663,Baixo
RA-1494,2.0,2M,11.0,0,5.8748823529,4.25,6.7794117645,0.6008597724812529,Alto
RA-1495,2.0,2M,11.0,0,8.4845030302,8.25,8.318181818,0.02849665416767387,Baixo
RA-606,2.0,2M,11.0,0,6.645260606100001,3.25,7.613636363499999,0.567163160834255,Alto
RA-594,2.0,2M,12.0,0,6.890966666600001,7.0,5.75,0.27746640755390795,Baixo
RA-1496,2.0,2M,12.0,0,6.7799738095,4.25,5.714285714500001,0.5059652673458175,Alto
RA-1497,2.0,2M,12.0,0,5.2423787879,2.0,5.0227272725,0.6315025726024145,Alto
RA-1498,2.0,2M,13.0,-1,7.147881818200001,7.0,7.840909091,0.746688799053285,Muito alto
RA-1499,2.0,2N,12.0,0,7.914800000000001,6.5,9.25,0.2749636252460579,Baixo
RA-788,2.0,2N,10.0,0,7.9221068268,5.75,9.519450801,0.19329969461097682,Baixo
RA-1500,2.0,2N,11.0,0,7.360450000100002,3.5,8.3333333335,0.5498276399471841,Alto
RA-777,2.0,2N,10.0,0,7.563515408100001,4.5,8.7757437075,0.298637883641679,Baixo
RA-1063,2.0,2N,12.0,-1,7.279250000000001,7.75,9.75,0.3987435633366928,Atenção
RA-664,2.0,2N,12.0,0,7.5017244089,5.75,6.7734553775,0.25202292904892687,Baixo
RA-1501,2.0,2N,11.0,0,8.04495,5.0,10.0,0.39275813478868704,Atenção
RA-764,2.0,2N,10.0,0,7.838370289900001,6.0,7.8804347825,0.193280524957643,Baixo
RA-1064,2.0,2N,11.0,0,8.9802350877,8.5,9.7368421055,0.07154752463090946,Baixo
RA-1065,2.0,2N,11.0,0,8.8634934783,9.25,8.8152173915,0.03746233341705048,Baixo
RA-1502,2.0,2N,12.0,-1,6.886091025600001,5.25,7.628205128,0.37703492488523666,Atenção
RA-781,2.0,2N,11.0,0,8.496283333400001,7.25,9.75,0.09776401696638123,Baixo
RA-608,2.0,2N,11.0,0,5.778986231800001,4.25,3.054347826,0.5615376056734284,Alto
RA-796,2.0,2P,12.0,-1,7.052457703200001,5.25,8.2212885155,0.3756190949791563,Atenção
RA-797,2.0,2P,12.0,-1,6.597315151500001,7.25,4.840909091,0.39084307710711924,Atenção
RA-636,2.0,2P,12.0,0,6.3802279106,5.25,4.9043062200000005,0.4604615468484624,Atenção
RA-1140,2.0,2P,12.0,0,7.3473880383,7.0,6.112440191499999,0.22673174633325313,Baixo
RA-1503,2.0,2P,13.0,-1,6.991699999900001,2.75,10.0,0.7136873078381983,Muito alto
RA-814,2.0,2P,11.0,0,7.971648484800001,7.5,9.090909091,0.2449375640838885,Baixo
RA-637,2.0,2P,12.0,0,7.6853212122,7.75,6.2272727275,0.08131839613640159,Baixo
RA-652,2.0,2P,11.0,0,7.361896969700001,5.5,6.931818182000001,0.2449288076996887,Baixo
RA-816,2.0,2P,11.0,0,8.929745454599999,9.25,9.7727272725,0.07296417076668481,Baixo
RA-1504,2.0,2P,12.0,-1,6.057060605999999,6.75,4.6136363635,0.3324800467336256,Atenção
RA-638,2.0,2P,11.0,0,6.7464878789,5.0,5.7272727275,0.4767277203499014,Atenção
RA-1505,2.0,2P,13.0,-1,6.7199171717,3.75,7.5252525255,0.9034098725105275,Muito alto
RA-643,2.0,2P,12.0,-1,6.402239075100001,4.5,6.8660287085,0.531310716666742,Alto
RA-645,2.0,2P,12.0,0,7.502239394,5.25,8.3863636365,0.24417104961169797,Baixo
RA-1068,2.0,2R,11.0,0,9.0150030303,9.5,9.068181818,0.06713630845256507,Baixo
RA-798,2.0,2R,12.0,-1,4.6743653679,4.75,3.5064935065,0.5553770513363135,Alto
RA-799,2.0,2R,11.0,0,7.702648484900001,5.25,9.090909091,0.2681302383157894,Baixo
RA-1506,2.0,2R,11.0,0,7.151855844200001,3.5,8.3874458875,0.5600224179683424,Alto
RA-802,2.0,2R,11.0,0,7.831797402499999,8.75,7.012987013,0.20801751168000474,Baixo
RA-1507,2.0,2R,12.0,-1,5.046077056300001,5.0,4.448051948,0.5965497655990355,Alto
RA-1071,2.0,2R,12.0,-1,4.8048623378,4.5,4.188311688500001,0.5388492556443761,Alto
RA-1508,2.0,2R,10.0,0,8.1804207793,9.25,7.2294372295,0.13196123261919038,Baixo
RA-1509,2.0,2R,11.0,0,7.560230303200001,7.5,6.5151515155,0.33235336140022825,Atenção
RA-1510,2.0,2R,11.0,0,9.4647454544,10.0,9.7727272725,0.11389131622420424,Baixo
RA-785,2.0,2U,11.0,0,9.1548666666,9.0,10.0,0.07027366793057672,Baixo
RA-1511,2.0,2U,11.0,0,8.9217077641,8.75,9.3271221535,0.10345739187436075,Baixo
RA-752,2.0,2U,12.0,-1,6.57279265,5.75,7.525879916999999,0.37310028587663924,Atenção
RA-790,2.0,2U,13.0,-1,6.8089355072,6.75,6.811594203,0.6714833137189108,Alto
RA-590,2.0,2U,12.0,-1,6.712378053800001,4.0,8.457556936,0.2371603954515675,Baixo
RA-1512,2.0,2U,10.0,0,8.10445,5.5,10.0,0.2679443053176396,Baixo
RA-472,2.0,2U,14.0,-1,6.6397610766,6.25,7.48447205,0.752208895755659,Muito alto
RA-628,2.0,2U,13.0,-1,8.2366166666,9.0,10.0,0.5589106212671923,Alto
RA-1513,2.0,2U,12.0,-1,6.5509171717,3.75,7.5252525255,0.4879333420225673,Atenção
RA-1514,2.0,2U,12.0,0,7.520576262600001,5.5,7.979797980000001,0.3604013317269209,Atenção
RA-629,2.0,2U,11.0,0,8.061295238200001,6.0,9.523809524,0.3129248023437918,Atenção
RA-832,2.0,2U,11.0,0,8.2403304348,8.0,8.695652174,0.14765625745233793,Baixo
RA-1515,2.0,2U,12.0,-1,5.832133333300001,3.5,6.6666666665,0.5329064199241845,Alto
RA-833,2.0,2U,11.0,0,8.5184577641,8.0,9.3271221535,0.05572160055719174,Baixo
RA-819,2.0,2U,10.0,1,8.652552484400001,9.0,7.784679089,0.09321084907370229,Baixo
RA-1073,3.0,3A,13.0,0,7.0859945773333335,6.5,6.370972886666667,0.28746416451057544,Baixo
RA-494,3.0,3A,13.0,0,7.922281328333334,6.333333333333333,7.329323308333333,0.137805261181858,Baixo
RA-484,3.0,3A,13.0,0,3.8354776573333336,0.0,3.9141382866666663,0.6195056809630927,Alto
RA-496,3.0,3A,13.0,0,6.726607507733334,5.666666666666667,5.315995871999999,0.39418887971908123,Atenção
RA-1516,3.0,3A,13.0,3,7.217066033133334,4.666666666666667,5.404288499000001,0.51320088900929,Alto
RA-1143,3.0,3A,16.0,-3,5.881225668333334,3.1666666666666665,5.201336675,0.9409164186489803,Muito alto
RA-1517,3.0,3A,15.0,-1,6.240744444466667,4.666666666666667,4.305555555666667,0.9026257773993951,Muito alto
RA-1518,3.0,3A,15.0,-1,5.721382142866666,1.75,5.714285714333333,0.8647967907223141,Muito alto
RA-227,3.0,3A,13.0,0,8.074015455333335,6.5,8.097577276666668,0.24358241929223706,Baixo
RA-487,3.0,3A,12.0,0,9.4171373016,9.666666666666666,9.441269841333334,0.09062944219513035,Baixo
RA-1076,3.0,3A,13.0,0,7.479598365200001,6.333333333333333,7.777033492666668,0.26939012359409187,Baixo
RA-1084,3.0,3A,12.0,0,6.9071109649333335,3.6666666666666665,7.705263158,0.43093584323395023,Atenção
RA-1519,3.0,3A,15.0,3,7.210222117800001,4.833333333333333,5.560902255666666,0.6832510516399075,Alto
RA-490,3.0,3A,12.0,1,7.368084290266667,6.166666666666667,5.5110047846666665,0.31765353411494285,Atenção
RA-346,3.0,3A,12.0,0,7.761749603200001,6.166666666666667,9.149206349333332,0.12992968902074845,Baixo
RA-546,3.0,3B,13.0,0,5.702426010066667,4.666666666666667,3.783838383666666,0.5730091589632433,Alto
RA-1087,3.0,3B,13.0,0,6.913936532,2.6666666666666665,8.393265993333333,0.5816058942327726,Alto
RA-493,3.0,3B,11.0,1,7.464325,3.1666666666666665,8.933333333333334,0.5419608134317984,Alto
RA-1520,3.0,3B,14.0,-1,7.0026462121333335,3.75,9.060606060666666,0.8347631819756612,Muito alto
RA-1072,3.0,3B,12.0,0,7.8153856754,8.166666666666666,5.627886710333333,0.13293665880252828,Baixo
RA-1521,3.0,3B,14.0,-1,5.065788844333333,3.1666666666666665,6.157902555,0.8348815559886421,Muito alto
RA-536,3.0,3B,11.0,1,7.7704681818,5.5,9.109090909,0.3125441652137289,Atenção
RA-1079,3.0,3B,13.0,0,5.4253413299333335,6.333333333333333,4.516498316333333,0.4209608263591568,Atenção
RA-331,3.0,3B,14.0,-1,6.231045707066668,3.5,7.735353535333334,0.9200978855093266,Muito alto
RA-1522,3.0,3B,13.0,0,8.3261,7.0,10.0,0.30874929894044884,Atenção
RA-1096,3.0,3B,11.0,1,9.189883333333334,8.5,9.866666666666667,0.1441225685495392,Baixo
RA-513,3.0,3B,11.0,1,8.728632539666668,7.666666666666667,8.831746031666666,0.13392808549369342,Baixo
RA-531,3.0,3B,12.0,0,7.912792647066666,6.666666666666667,9.803921568666668,0.14615809879197128,Baixo
RA-1523,3.0,3B,11.0,1,8.67371279,8.166666666666666,9.283272283333334,0.1358180485721746,Baixo
RA-1524,3.0,3B,14.0,-1,5.5473805555333335,4.0,2.777777777666667,0.8275132494534209,Muito alto
RA-1147,3.0,3B,15.0,-1,5.833118518533334,3.1666666666666665,6.125925926,0.9090365301592325,Muito alto
RA-479,3.0,3C,12.0,1,8.901966666666668,9.666666666666666,9.866666666666667,0.08618945862239098,Baixo
RA-517,3.0,3C,14.0,0,5.880466583166668,5.0,5.266499582333334,0.6562604807714216,Alto
RA-325,3.0,3C,12.0,0,8.385133333233336,7.0,9.866666666666667,0.10197196379042386,Baixo
RA-1525,3.0,3C,13.0,0,7.778263492033334,7.0,8.293650793666666,0.16144551825263012,Baixo
RA-518,3.0,3C,12.0,0,6.3467483709,4.0,6.830075188,0.3749458658223145,Atenção
RA-1146,3.0,3C,15.0,-2,5.3933086048000005,2.0,5.017209691,0.959609240697167,Muito alto
RA-530,3.0,3C,12.0,0,7.214534419433333,4.5,6.468838763666667,0.25956623826280795,Baixo
RA-524,3.0,3C,13.0,0,7.026322556366667,8.666666666666666,5.111779448666667,0.23413209664990445,Baixo
RA-578,3.0,3C,12.0,1,9.066199999966669,9.833333333333334,10.0,0.09221007305304366,Baixo
RA-526,3.0,3C,14.0,-1,7.843157894833334,7.333333333333333,9.382456140333334,0.5578125909150756,Alto
RA-528,3.0,3C,13.0,0,7.276330075300001,6.666666666666667,5.793483709333334,0.26022734304137995,Baixo
RA-516,3.0,3C,11.0,1,8.384033333366668,8.833333333333334,10.0,0.14367788913519836,Baixo
RA-534,3.0,3C,14.0,0,7.088855054266667,5.0,6.043441938333333,0.7048781044607875,Muito alto
RA-1097,3.0,3C,15.0,-1,5.475324895633334,3.0,4.849791144666667,0.9368055673762652,Muito alto
RA-360,3.0,3C,14.0,-1,6.293175689166667,5.833333333333333,5.618045113,0.8611930190100424,Muito alto
RA-1526,3.0,3D,13.0,0,7.9798,3.75,10.0,0.44975331656211065,Atenção
RA-1077,3.0,3D,12.0,0,5.543865740733334,2.0,7.703703703666666,0.6168527747495616,Alto
RA-508,3.0,3D,12.0,1,6.771708625733333,4.666666666666667,5.567251461999999,0.39671065192195326,Atenção
RA-363,3.0,3D,14.0,0,7.617803571466666,5.333333333333333,9.523809524,0.5577948288103034,Alto
RA-340,3.0,3D,13.0,0,6.715437329466668,5.166666666666667,6.585769980666666,0.3769594063742911,Atenção
RA-1527,3.0,3D,13.0,0,8.631675000000001,8.0,10.0,0.12768334172534174,Baixo
RA-509,3.0,3D,13.0,0,6.918152272733334,6.0,6.363636363666667,0.2720666626215379,Baixo
RA-500,3.0,3D,12.0,0,8.077708333333334,6.666666666666667,10.0,0.057004640033597266,Baixo
RA-1528,3.0,3D,13.0,0,7.622584090933335,5.666666666666667,7.787878788,0.47386842396949436,Atenção
RA-1089,3.0,3D,12.0,0,7.6221531746,6.833333333333333,7.039682539666667,0.23208935257971122,Baixo
RA-1090,3.0,3D,14.0,0,7.7652831384,6.333333333333333,7.621832358666666,0.5859518564054258,Alto
RA-503,3.0,3D,12.0,1,8.547495614066667,7.666666666666667,9.824561403666666,0.12613566179365937,Baixo
RA-1093,3.0,3D,12.0,0,8.5079027778,8.666666666666666,7.722222222333333,0.04785029893202394,Baixo
RA-1094,3.0,3D,12.0,0,8.0164785714,7.333333333333333,9.523809523666666,0.01867589937906591,Baixo
RA-1095,3.0,3D,14.0,0,6.108547514666667,2.333333333333333,7.84502924,0.8066990862091533,Muito alto
RA-1098,3.0,3D,14.0,0,6.5744562514,3.5,5.822406257,0.7131815788963336,Muito alto
RA-1106,3.0,3F,13.0,0,5.936272086266667,0.0,5.4312354313333335,0.5862514099977392,Alto
RA-568,3.0,3F,16.0,-2,5.545864285733334,5.166666666666667,3.2619047620000003,0.94498497820605,Muito alto
RA-558,3.0,3F,16.0,-2,5.048054503133334,3.0,3.7763975156666674,0.9635491968184072,Muito alto
RA-559,3.0,3F,13.0,0,6.158158974333333,3.1666666666666665,5.705128205,0.6490417093804411,Alto
RA-1529,3.0,3F,14.0,-1,6.710079487200001,5.5,7.435897436,0.8310157805931111,Muito alto
RA-1111,3.0,3F,12.0,1,6.116032815733334,5.0,4.600414078666667,0.4713240893710872,Atenção
RA-1108,3.0,3F,13.0,0,6.017215010400001,3.6666666666666665,3.7546583853333337,0.5941822788768502,Alto
RA-542,3.0,3F,13.0,0,6.7205649586,3.9333333333333336,6.481366459666667,0.525519303275551,Alto
RA-543,3.0,3F,12.0,1,8.0467871118,6.833333333333333,9.616977225666666,0.12068363276893802,Baixo
RA-1530,3.0,3F,13.0,0,4.6391535714200005,2.833333333333333,2.5238095237666665,0.7377790152671696,Muito alto
RA-555,3.0,3F,14.0,-1,5.111470186333333,4.333333333333333,2.750517598333333,0.8939387952379816,Muito alto
RA-1531,3.0,3F,14.0,-1,7.0491790134,5.833333333333333,7.972686733666666,0.8611049693623035,Muito alto
RA-1099,3.0,3G,14.0,0,7.332483333333334,3.8333333333333335,8.133333333333333,0.6811666338254552,Alto
RA-1154,3.0,3G,14.0,-1,7.566075,8.0,9.2,0.716097931719487,Muito alto
RA-1100,3.0,3G,12.0,1,6.649708333333334,4.666666666666667,7.1000000000000005,0.4404145160645124,Atenção
RA-381,3.0,3G,15.0,-2,5.940775,3.6666666666666665,6.133333333333333,0.9705370388872776,Muito alto
RA-364,3.0,3G,13.0,0,8.2697037582,7.5,9.526143791,0.2050143688685988,Baixo
RA-539,3.0,3G,13.0,0,8.465533333333335,5.833333333333333,9.233333333333333,0.19746618588714623,Baixo
RA-573,3.0,3G,13.0,0,7.839050000000001,5.0,9.5,0.3748825325295104,Atenção
RA-1107,3.0,3G,13.0,0,5.9731,2.5,6.2,0.5919271448492289,Alto
RA-368,3.0,3G,15.0,-1,6.782158333333333,7.0,6.166666666666667,0.8451645435119254,Muito alto
RA-387,3.0,3G,15.0,-1,6.125500000000001,4.333333333333333,7.166666666666667,0.8804485500759868,Muito alto
RA-556,3.0,3G,13.0,0,5.833377380933333,3.8333333333333335,6.171428571333333,0.554959809410833,Alto
RA-389,3.0,3G,13.0,0,7.2079551282,5.166666666666667,6.674358974333333,0.3244219747524298,Atenção
RA-390,3.0,3G,13.0,0,6.5472236842,4.166666666666667,6.080701754333333,0.4906852191273977,Alto
RA-376,3.0,3G,14.0,-1,5.896573588800001,2.833333333333333,8.287284610666667,0.912557545001823,Muito alto
RA-584,3.0,3G,12.0,0,6.752914393933334,4.333333333333333,5.636363636333333,0.4379188404860121,Atenção
RA-535,3.0,3H,12.0,0,7.659555952400001,6.0,7.161904762,0.14268555937839372,Baixo
RA-547,3.0,3H,13.0,0,7.210290672333333,6.833333333333333,7.030620028333334,0.2682262391308017,Baixo
RA-557,3.0,3H,12.0,0,9.350986466133334,9.666666666666666,8.756265663999999,0.07899751070369844,Baixo
RA-548,3.0,3H,13.0,0,7.240168803466668,6.666666666666667,7.600427350666667,0.27264277105166995,Baixo
RA-1102,3.0,3H,12.0,1,8.440611904733334,9.333333333333334,9.390476190333333,0.25205737244010695,Baixo
RA-1532,3.0,3H,15.0,-1,4.548544781066667,2.0,3.905723905333333,0.900005550130628,Muito alto
RA-538,3.0,3H,14.0,-1,6.514094017066666,6.166666666666667,7.668803418666666,0.8511198237894892,Muito alto
RA-365,3.0,3H,11.0,1,8.526983333333334,6.666666666666667,10.0,0.13776705661677804,Baixo
RA-563,3.0,3H,12.0,0,8.595447619066668,8.333333333333334,9.461904762,0.12538019137064046,Baixo
RA-1157,3.0,3H,15.0,-1,7.916082936533334,7.0,9.082539682666663,0.5722567722848276,Alto
RA-258,3.0,3H,13.0,0,6.429063888866667,2.5,6.944444444333333,0.4417881906626806,Atenção
RA-369,3.0,3H,13.0,0,5.667282265,1.6666666666666667,4.908119658333334,0.66368978354026,Alto
RA-375,3.0,3H,13.0,0,7.970034615400001,6.833333333333333,9.443589743666667,0.2575056717190748,Baixo
RA-1533,3.0,3I,14.0,0,9.089828985533336,9.5,9.710144927666668,0.41308730013049516,Atenção
RA-1534,3.0,3I,13.0,0,7.188366666666667,1.1666666666666667,9.666666666666666,0.5774966006392922,Alto
RA-1160,3.0,3I,14.0,-1,6.274190982333334,3.1666666666666665,8.201288245,0.9261391757181615,Muito alto
RA-562,3.0,3I,13.0,0,8.392733333333334,7.833333333333333,9.833333333333334,0.200012128550733,Baixo
RA-1112,3.0,3I,13.0,0,6.856082394,4.0,9.02791197,0.556041504683608,Alto
RA-1535,3.0,3I,13.0,0,7.109390969933334,5.833333333333333,5.103121516333333,0.21712879289030174,Baixo
RA-1536,3.0,3I,15.0,-1,7.653744444466668,7.0,8.722222222333334,0.6412371117928646,Alto
RA-357,3.0,3I,14.0,-1,7.731569404200001,7.666666666666667,9.028180354333331,0.6374199501502357,Alto
RA-583,3.0,3I,14.0,0,7.447591035933334,5.0,8.904455179666668,0.5224139914751134,Alto
RA-1537,3.0,3I,14.0,-1,8.176263231333333,8.666666666666666,8.33064949,0.5919961116208088,Alto
RA-599,3.0,3K,12.0,1,8.3569352941,7.666666666666667,8.607843137333333,0.22158875331722794,Baixo
RA-651,3.0,3K,12.0,1,8.689300000100001,7.5,10.0,0.1174033461931866,Baixo
RA-1131,3.0,3K,13.0,0,8.2889555555,8.333333333333334,9.277777777666666,0.0367590153507621,Baixo
RA-403,3.0,3K,14.0,0,8.008488888833334,7.666666666666667,7.361111111,0.40129754851839944,Atenção
RA-1538,3.0,3K,13.0,1,7.9631703704333345,7.166666666666667,7.935185184999999,0.26232774966272127,Baixo
RA-469,3.0,3K,13.0,0,7.684639869300001,5.0,9.498366013,0.33360995390604936,Atenção
RA-1121,3.0,3K,12.0,0,8.407166666633334,6.666666666666667,10.0,0.06934181837116685,Baixo
RA-1122,3.0,3K,12.0,1,7.817322222166666,5.333333333333333,9.861111111,0.3628976932658452,Atenção
RA-422,3.0,3K,14.0,-1,5.544981481433334,2.833333333333333,6.157407407333333,0.9131691332061752,Muito alto
RA-1117,3.0,3K,12.0,1,7.601562962866668,5.666666666666667,8.314814814666667,0.34193332497647233,Atenção
RA-1539,3.0,3K,13.0,0,7.709588888900001,6.833333333333333,9.027777777666666,0.2891159738020644,Baixo
RA-618,3.0,3K,15.0,-2,6.718348148233334,4.166666666666667,8.324074074,0.9624283650480878,Muito alto
RA-669,3.0,3K,12.0,0,6.6438703703,5.333333333333333,4.851851851666666,0.3493069005616769,Atenção
RA-408,3.0,3K,14.0,0,6.5276296297,4.833333333333333,4.981481481666667,0.6037165222717416,Alto
RA-610,3.0,3K,11.0,1,7.894888888933334,6.333333333333333,9.694444444333334,0.19779237022766036,Baixo
RA-409,3.0,3K,13.0,0,8.225462962900002,7.166666666666667,9.231481481333333,0.19877324888434397,Baixo
RA-464,3.0,3L,15.0,-1,6.872009064333334,4.333333333333333,7.851461988333334,0.8937449122739348,Muito alto
RA-1165,3.0,3L,13.0,0,7.908044272466667,8.0,6.829721362333333,0.10486630900397804,Baixo
RA-466,3.0,3L,15.0,-1,6.778749122800001,4.0,7.223245614,0.8382308478830824,Muito alto
RA-414,3.0,3L,14.0,0,7.187625925933334,6.0,8.429629629666666,0.5504550551395536,Alto
RA-401,3.0,3L,14.0,0,6.728911403533334,4.833333333333333,6.839473684333334,0.5502531901398956,Alto
RA-1141,3.0,3L,13.0,0,6.793890866866667,4.166666666666667,6.191537667666666,0.35679819575524924,Atenção
RA-592,3.0,3L,12.0,1,7.121622213600001,7.833333333333333,6.108152734666667,0.2021580381361354,Baixo
RA-474,3.0,3L,15.0,-1,6.024753703733333,3.0,5.818518518666667,0.9468871723579706,Muito alto
RA-602,3.0,3L,13.0,0,8.647409313733334,7.333333333333333,9.670588235333334,0.06588644939667285,Baixo
RA-666,3.0,3L,12.0,0,8.185838802933334,7.166666666666667,7.881527348,0.08124909555375287,Baixo
RA-604,3.0,3L,12.0,1,7.429623555266667,7.0,7.502992776333333,0.28449815716423693,Baixo
RA-476,3.0,3L,14.0,0,6.7359982456,4.5,6.5964912280000005,0.5869044547101437,Alto
RA-423,3.0,3L,14.0,0,6.616193704866666,4.333333333333333,6.501135191,0.5929260368790643,Alto
RA-631,3.0,3L,14.0,0,6.795673420466667,4.166666666666667,7.212200435666666,0.6688315690061122,Alto
RA-658,3.0,3M,12.0,1,7.507033333333333,3.6666666666666665,10.0,0.403286709465325,Atenção
RA-1540,3.0,3M,14.0,-1,5.696233333333334,2.6666666666666665,5.0,0.9031660922983642,Muito alto
RA-1541,3.0,3M,13.0,0,8.337,8.166666666666666,8.633333333333333,0.09573565084062795,Baixo
RA-1114,3.0,3M,12.0,0,7.437466666666667,5.0,9.533333333333331,0.21085420240703545,Baixo
RA-662,3.0,3M,13.0,0,7.107477855466668,4.166666666666667,7.610722610666666,0.3482720566632163,Atenção
RA-760,3.0,3M,13.0,0,6.942581818200001,5.0,7.090909091,0.48348871298405943,Atenção
RA-1542,3.0,3M,16.0,-2,6.0886079922,3.1666666666666665,6.304873294333333,0.8989342745244583,Muito alto
RA-404,3.0,3M,14.0,0,6.624588235266668,5.666666666666667,6.286274509666666,0.6065526403586204,Alto
RA-1119,3.0,3M,14.0,-1,7.388266666666667,5.666666666666667,8.716666666666667,0.7074891997848167,Muito alto
RA-1116,3.0,3M,15.0,-1,3.7894777778,2.333333333333333,3.3555555556666667,0.9081804790529461,Muito alto
RA-667,3.0,3M,13.0,0,7.177130604266668,4.666666666666667,7.038986354666666,0.37704262977064645,Atenção
RA-605,3.0,3M,13.0,0,6.0175222222,2.6666666666666665,6.194444444333333,0.6173256987030742,Alto
RA-1543,3.0,3M,14.0,-1,6.754584615400001,5.0,8.076923077,0.8309818342001519,Muito alto
RA-1118,3.0,3M,14.0,0,7.0305545924,3.8333333333333335,7.846439628666666,0.683692190589018,Alto
RA-1544,3.0,3M,14.0,-1,6.905568627466667,5.833333333333333,8.674509804,0.8576526271244322,Muito alto
RA-1545,3.0,3N,12.0,0,7.296598575533334,8.166666666666666,6.210826211,0.33603923156866466,Atenção
RA-1127,3.0,3N,12.0,0,8.180966666666668,5.833333333333333,10.0,0.15704451330289734,Baixo
RA-1129,3.0,3N,12.0,0,7.360417647066668,6.833333333333333,7.137254902,0.2804327841186659,Baixo
RA-1546,3.0,3N,14.0,0,6.900662108266667,4.666666666666667,6.374643874666667,0.7323179585861208,Muito alto
RA-1130,3.0,3N,12.0,0,6.563952941199999,4.333333333333333,6.278431372666667,0.3742547077706383,Atenção
RA-1168,3.0,3N,14.0,-1,6.864053921600001,5.666666666666667,7.682352941333334,0.8523113571055074,Muito alto
RA-613,3.0,3N,15.0,-1,7.4019,7.333333333333333,9.566666666666666,0.7525981381919428,Muito alto
RA-433,3.0,3N,14.0,0,7.218157142866668,4.833333333333333,8.380952381,0.5848586626677343,Alto
RA-1547,3.0,3N,14.0,-1,6.748480626800001,6.666666666666667,6.467236467333334,0.7949040126996016,Muito alto
RA-1548,3.0,3N,13.0,0,6.482499715066667,4.833333333333333,5.242165242,0.4389661980397695,Atenção
RA-304,3.0,3N,16.0,-3,6.852411484600001,7.166666666666667,7.826890756333333,0.8957564729225485,Muito alto
RA-1549,3.0,3N,15.0,-2,6.514862200466668,4.166666666666667,7.441394335666668,0.9293507875487551,Muito alto
RA-632,3.0,3P,12.0,0,7.515491249000001,4.166666666666667,8.999164578333334,0.3161417701425621,Atenção
RA-633,3.0,3P,13.0,0,5.228470175466667,3.333333333333333,4.707017544,0.5035495559023484,Alto
RA-1137,3.0,3P,11.0,1,7.183752652466668,3.5,7.588638262333333,0.5360235904229745,Alto
RA-646,3.0,3P,14.0,-1,7.715491666666668,6.166666666666667,9.266666666666667,0.5376602570068912,Alto
RA-1550,3.0,3P,15.0,-1,6.064236111066667,4.333333333333333,5.222222222,0.9175953118991207,Muito alto
RA-1139,3.0,3P,12.0,1,6.906276357600001,4.666666666666667,6.152715121333333,0.37706614362366275,Atenção
RA-444,3.0,3P,14.0,-1,5.410188638266668,3.6666666666666665,6.377276524666667,0.9102563277132605,Muito alto
RA-445,3.0,3P,14.0,0,7.3416246032,4.0,8.715873016,0.660460685298092,Alto
RA-639,3.0,3P,12.0,0,5.7693807644,3.8333333333333335,5.278195488666667,0.5007599214556707,Alto
RA-1142,3.0,3P,12.0,0,8.390566666666668,8.5,9.133333333333333,0.13966879262504472,Baixo
RA-1551,3.0,3P,15.0,-2,5.9717087542,3.5,4.771043771,0.9636780911837176,Muito alto
RA-458,3.0,3P,15.0,-1,5.680161507933333,4.0,3.739682539666666,0.9186919701486819,Muito alto
RA-1552,3.0,3P,13.0,0,7.443301282066667,3.1666666666666665,9.743589743666666,0.6649632586089015,Alto
RA-1170,3.0,3P,15.0,-2,6.095440873,3.5,5.565079365,0.9644624741567572,Muito alto
RA-642,3.0,3P,12.0,0,7.082591269866667,4.0,9.149206349333332,0.44316494297907083,Atenção
RA-1553,3.0,3R,13.0,0,7.641184313700001,4.333333333333333,9.003921568666668,0.33572465554666164,Atenção
RA-1554,3.0,3R,15.0,-2,6.941692592633334,4.0,9.629629629666669,0.9071254842621128,Muito alto
RA-649,3.0,3R,14.0,0,6.985329691766667,3.6666666666666665,6.004481792666667,0.6495671510080623,Alto
RA-1136,3.0,3R,14.0,-1,5.458179831866667,1.6666666666666667,4.547899159666667,0.9133732500001547,Muito alto
RA-653,3.0,3R,13.0,0,8.103217647033333,5.166666666666667,9.537254902,0.17943389049729558,Baixo
RA-456,3.0,3R,13.0,0,8.331124561366668,6.5,9.382456140333334,0.06053701295062672,Baixo
RA-655,3.0,3R,14.0,0,8.238600000066668,6.833333333333333,10.0,0.407790432456565,Atenção
RA-656,3.0,3R,13.0,0,6.668152941266667,4.166666666666667,5.978431372666667,0.398229143995372,Atenção
RA-657,3.0,3R,13.0,0,8.207433333400001,7.5,9.6,0.21125683668065087,Baixo
RA-1555,3.0,3R,13.0,0,7.4827333334,3.0,10.0,0.3817525013368411,Atenção
RA-461,3.0,3R,13.0,0,7.5447559291,4.5,9.182446312,0.43551175729444036,Atenção
RA-398,3.0,3U,12.0,0,7.2457999999666685,8.0,5.733333333333333,0.23552393436404948,Baixo
RA-586,3.0,3U,11.0,1,8.702387301666668,8.5,9.241269841333333,0.1363118551345814,Baixo
RA-623,3.0,3U,15.0,-1,6.357733333300001,4.0,7.399999999999999,0.9255622340240048,Muito alto
RA-588,3.0,3U,11.0,1,8.676133333333334,7.833333333333333,9.833333333333334,0.14225247107117445,Baixo
RA-626,3.0,3U,13.0,0,6.407590225500001,5.333333333333333,3.380451127666667,0.47235681244157435,Atenção
RA-1556,3.0,3U,14.0,0,6.666811111166668,4.0,5.222222222333333,0.702666857866378,Muito alto
RA-455,3.0,3U,14.0,0,7.098988888900001,4.5,6.111111111,0.6621547181421907,Alto
RA-614,3.0,3U,14.0,-1,7.8284999999666685,6.833333333333333,9.7,0.5249536430289073,Alto
RA-434,3.0,3U,13.0,0,6.610947619100001,5.5,5.061904762,0.393236193539038,Atenção
RA-603,3.0,3U,12.0,0,6.942277777866667,4.666666666666667,7.155555555666666,0.33943186037154577,Atenção
RA-1133,3.0,3U,11.0,1,8.238553968266668,4.5,9.841269841333334,0.30041801003467883,Atenção
RA-616,3.0,3U,14.0,0,5.457877193033333,3.8333333333333335,3.087719298333333,0.7620652573512073,Muito alto
RA-1134,3.0,3U,12.0,0,7.7564571427,6.0,8.914285714,0.28286014487997535,Baixo
RA-1557,3.0,3U,14.0,0,8.228500000033334,7.0,8.916666666666666,0.42783751480438503,Atenção
RA-670,3.0,3U,12.0,1,8.8602539683,8.666666666666666,9.441269841333334,0.11818016554392718,Baixo
RA-620,3.0,3U,14.0,0,5.766892063566667,2.5,3.984126984333333,0.7962567195284028,Muito alto
RA-1149,4.0,4A,15.0,-1,8.1371,6.0,10.0,0.4858743024005929,Atenção
RA-1558,4.0,4A,16.0,-1,7.643772047733333,5.5,8.705360238666666,0.6921120802884005,Alto
RA-326,4.0,4A,14.0,1,8.832389092333335,9.333333333333334,8.973112128333334,0.12017982937287221,Baixo
RA-339,4.0,4A,13.0,1,7.711540746133334,8.166666666666666,7.155537064000001,0.2250975985075188,Baixo
RA-179,4.0,4A,13.0,1,8.932712280733334,8.166666666666666,9.407894737,0.13699470446371392,Baixo
RA-1559,4.0,4A,15.0,-1,6.330428437666668,4.666666666666667,5.2929755216666665,0.7364656754470561,Muito alto
RA-332,4.0,4A,15.0,1,8.421271701,7.0,7.605358505000001,0.3752174550801525,Atenção
RA-1560,4.0,4A,14.0,1,8.4721031746,8.166666666666666,9.206349206333334,0.15931235163965762,Baixo
RA-1153,4.0,4A,15.0,-1,8.268876190466667,8.5,9.702380952333334,0.5091314742421543,Alto
RA-183,4.0,4A,15.0,0,8.266902371533334,7.5,9.249011857666666,0.3703406245706281,Atenção
RA-199,4.0,4A,15.0,-1,7.419398245666667,7.166666666666667,7.554824561666667,0.5824417444416284,Alto
RA-1561,4.0,4A,16.0,-1,7.940220634933333,9.0,9.174603174666666,0.6571323383522385,Alto
RA-336,4.0,4A,15.0,0,6.834286748466667,5.833333333333333,5.512100409000001,0.6238353991122153,Alto
RA-347,4.0,4A,14.0,1,8.384742583733333,7.666666666666667,9.673046252,0.14484238985864595,Baixo
RA-397,4.0,4A,16.0,-2,6.807291921866668,5.666666666666667,7.885292942666666,0.9402459471715938,Muito alto
RA-338,4.0,4B,14.0,0,8.052795331466667,6.833333333333333,7.441643324,0.10340127626441988,Baixo
RA-392,4.0,4B,16.0,-1,4.3639463364,1.0,5.414731682,0.932196361809373,Muito alto
RA-352,4.0,4B,13.0,1,5.9794829346,3.1666666666666665,4.453748006333333,0.610972407413119,Alto
RA-1562,4.0,4B,16.0,-2,5.458833333333334,0.5,8.666666666666666,0.9297711321241908,Muito alto
RA-367,4.0,4B,13.0,1,7.209434085200001,5.0,7.268170426,0.41963018430990473,Atenção
RA-1563,4.0,4B,15.0,-1,7.604211111133335,7.0,8.305555555666666,0.6181101470177284,Alto
RA-1564,4.0,4B,15.0,-1,5.0761468806000005,2.1666666666666665,4.942067736333334,0.9256423323758749,Muito alto
RA-1565,4.0,4B,16.0,-1,5.816448179266667,5.5,8.102240896333333,0.8539228646737537,Muito alto
RA-1566,4.0,4B,17.0,-2,7.759243871133334,6.5,9.247219355666669,0.6723247934123485,Alto
RA-1567,4.0,4B,16.0,-2,7.913942087533334,8.166666666666666,8.771043771,0.758049008857527,Muito alto
RA-356,4.0,4B,14.0,1,6.627336016533334,5.333333333333333,6.656346749333334,0.4965350822616114,Alto
RA-1568,4.0,4B,15.0,-1,7.8003261438,8.166666666666666,7.493464052333334,0.6652381865084952,Alto
RA-247,4.0,4B,14.0,0,6.646485739800001,4.333333333333333,8.306595365666666,0.41418890970151306,Atenção
RA-204,4.0,4B,15.0,0,7.838218894866668,7.5,6.827094474333333,0.39521416350553,Atenção
RA-1569,4.0,4B,17.0,-2,5.7191555556,2.1666666666666665,7.111111111333334,0.846592981717144,Muito alto
RA-1570,4.0,4B,16.0,-1,7.894084175066667,8.333333333333334,7.542087542,0.6358575547983537,Alto
RA-1571,4.0,4B,16.0,-1,7.2484555556,5.666666666666667,9.111111111333337,0.6796693488180318,Alto
RA-1572,4.0,4C,15.0,-1,8.080345634866667,7.5,9.841269841333334,0.4525009720112549,Atenção
RA-1150,4.0,4C,17.0,-2,7.1023212964,6.833333333333333,6.481481481666667,0.765449976511633,Muito alto
RA-1573,4.0,4C,16.0,-1,6.743847969266667,5.0,6.120448179333334,0.8128564878330533,Muito alto
RA-1574,4.0,4C,16.0,-1,7.777244180000001,7.333333333333333,8.399470899666667,0.5386273944857423,Alto
RA-1151,4.0,4C,13.0,1,8.749111111066668,9.0,9.722222222333334,0.0955071167513968,Baixo
RA-1575,4.0,4C,16.0,-1,7.318459391466667,5.333333333333333,8.624338624,0.7462242489682259,Muito alto
RA-1081,4.0,4C,15.0,0,8.5452952381,8.833333333333334,9.523809523666666,0.32975886655602193,Atenção
RA-342,4.0,4C,16.0,-1,6.757026587266667,4.5,7.728174603333334,0.8661499092921895,Muito alto
RA-1576,4.0,4C,16.0,-1,7.463620238066666,6.666666666666667,9.523809523666666,0.5550012271741263,Alto
RA-187,4.0,4C,14.0,0,8.568424074066666,7.833333333333333,9.537037037,0.03637279881459955,Baixo
RA-359,4.0,4C,14.0,1,7.492006349133335,5.5,7.162698412666667,0.3216860563496209,Atenção
RA-1577,4.0,4C,16.0,-1,6.305585581933334,4.333333333333333,4.993386243333333,0.8754556024719836,Muito alto
RA-236,4.0,4F,14.0,0,6.980833740133334,4.5,7.890668700666666,0.509342489936618,Alto
RA-249,4.0,4F,16.0,-2,6.125104328999999,5.0,6.645021645,0.8913324497020947,Muito alto
RA-239,4.0,4F,17.0,-3,6.782180868800001,6.666666666666667,6.361737677333333,0.7656717982106727,Muito alto
RA-382,4.0,4F,16.0,-1,5.805712280733333,3.0,6.324561403666666,0.9450763151554276,Muito alto
RA-383,4.0,4F,13.0,1,8.036024386733335,5.833333333333333,8.600288600333334,0.3051799407045225,Atenção
RA-1155,4.0,4F,15.0,-1,7.119011111133333,4.666666666666667,8.888888889,0.6947322790355951,Alto
RA-384,4.0,4F,14.0,0,8.072200721466668,7.5,8.607503607333333,0.11312202204150568,Baixo
RA-1156,4.0,4F,13.0,1,6.6777135642,2.0,7.821067821,0.4051947506187394,Atenção
RA-1578,4.0,4F,13.0,1,7.880605848,7.333333333333333,6.761695906666667,0.2467384315907104,Baixo
RA-388,4.0,4F,16.0,-1,5.965307936466667,4.333333333333333,6.349206349,0.8256329651300892,Muito alto
RA-260,4.0,4F,15.0,0,8.448920634933334,7.0,9.674603174666666,0.28356701055237554,Baixo
RA-395,4.0,4F,13.0,1,7.169905291000001,4.333333333333333,6.921693121666666,0.3755536174378397,Atenção
RA-262,4.0,4F,17.0,-2,5.806145462066667,4.166666666666667,4.854560643666667,0.8152859970866838,Muito alto
RA-1579,4.0,4F,16.0,-2,7.894385710733333,7.166666666666667,9.090261887,0.6995171258723518,Alto
RA-1580,4.0,4F,16.0,-1,7.790523996266667,6.166666666666667,9.049953314666666,0.6120180481390881,Alto
RA-377,4.0,4F,14.0,0,7.480115873000001,5.166666666666667,7.698412698333333,0.2855141564496434,Baixo
RA-250,4.0,4H,14.0,0,9.049892592566668,9.166666666666666,9.629629629666669,0.07450714603872313,Baixo
RA-1581,4.0,4H,16.0,-1,6.9787022855,6.333333333333333,7.834844760666667,0.8253137691787099,Muito alto
RA-1582,4.0,4H,15.0,-1,6.472788888966667,4.5,8.069444444333334,0.8493867702136679,Muito alto
RA-1583,4.0,4H,15.0,-1,7.8197579711,8.166666666666666,7.753623188333333,0.5884288640499676,Alto
RA-450,4.0,4L,15.0,-1,7.526188206666666,7.5,8.954191033333332,0.6862608244629663,Alto
RA-426,4.0,4L,15.0,-1,6.6430030186,4.833333333333333,7.905056759666666,0.8293451340061861,Muito alto
RA-1584,4.0,4L,15.0,-1,7.429837830666667,5.5,9.153439153333332,0.6400325677346689,Alto
RA-313,4.0,4L,15.0,-1,7.25285,4.833333333333333,9.666666666666666,0.6405180923287964,Alto
RA-467,4.0,4L,15.0,0,7.729811842133333,6.833333333333333,9.140350877333333,0.42666111773787124,Atenção
RA-1585,4.0,4L,15.0,-1,6.730367016866668,4.0,6.775210084333334,0.7988930897636535,Muito alto
RA-432,4.0,4L,16.0,-1,7.167975,5.5,10.0,0.7612849196858784,Muito alto
RA-1586,4.0,4L,15.0,-1,6.555764327466668,5.666666666666667,6.128654970666666,0.8735153781910368,Muito alto
RA-470,4.0,4L,15.0,0,6.981130848,3.333333333333333,8.011695906666667,0.7441508379871105,Muito alto
RA-417,4.0,4L,14.0,0,8.533628557533333,8.833333333333334,8.401559454333333,0.052891489923398025,Baixo
RA-407,4.0,4L,15.0,0,7.0875128168,3.6666666666666665,7.614522417333333,0.6734928575706115,Alto
RA-1587,4.0,4L,16.0,-2,7.34055,3.75,10.0,0.7227276968530476,Muito alto
RA-1588,4.0,4L,14.0,0,7.303823728133333,4.0,8.640618640666666,0.5329730495379998,Alto
RA-424,4.0,4L,14.0,0,7.341187280733334,3.333333333333333,9.616228070333332,0.5676764115160042,Alto
RA-1193,4.0,4L,15.0,-1,6.6304815790000005,4.0,7.763157895,0.8575267661050201,Muito alto
RA-411,4.0,4M,14.0,0,7.279762962966667,4.833333333333333,9.148148148,0.3726493636759675,Atenção
RA-412,4.0,4M,14.0,0,8.044378070166667,7.333333333333333,8.456140351,0.06819154186137448,Baixo
RA-428,4.0,4M,14.0,0,7.534949122800001,5.0,8.898245614,0.41006415901467813,Atenção
RA-315,4.0,4M,15.0,-1,6.0768703704,6.833333333333333,5.918518518666667,0.7914754169726256,Muito alto
RA-442,4.0,4M,13.0,1,6.905439215666667,5.0,5.9151960783333335,0.3180519098142458,Atenção
RA-301,4.0,4M,15.0,0,8.410830701766667,9.0,7.494736842333332,0.42225971145837793,Atenção
RA-1163,4.0,4M,15.0,0,8.6794789474,7.833333333333333,9.824561403666666,0.36397582089737596,Atenção
RA-402,4.0,4M,14.0,0,5.683064814833333,4.166666666666667,3.074074074,0.5372687089361992,Alto
RA-1589,4.0,4M,15.0,-1,5.260851851866667,2.5,6.259259259333334,0.8168935699697506,Muito alto
RA-1162,4.0,4M,14.0,0,7.473167836266667,5.666666666666667,9.135672514666666,0.37883228796742024,Atenção
RA-471,4.0,4M,14.0,0,6.635847117766667,5.5,7.027568922333333,0.2888196865714673,Baixo
RA-416,4.0,4M,14.0,1,8.700808577033333,8.0,8.972709551666666,0.09634697897283848,Baixo
RA-303,4.0,4M,16.0,-2,6.2443426900666665,5.666666666666667,3.9520467836666655,0.9319885190265507,Muito alto
RA-418,4.0,4M,12.0,1,9.125183333366667,9.333333333333334,10.0,0.1628972479870433,Baixo
RA-419,4.0,4M,14.0,1,8.355707894766669,8.166666666666666,9.382456140666669,0.11016568227478227,Baixo
RA-420,4.0,4M,13.0,1,7.544228947400001,4.0,9.557894737,0.4042344949415275,Atenção
RA-1166,4.0,4M,16.0,-1,7.452799122766667,6.333333333333333,8.498245614,0.6239443290519877,Alto
RA-425,4.0,4M,14.0,0,9.0166166667,9.0,10.0,0.08015742700871374,Baixo
RA-1590,4.0,4N,15.0,-1,8.1907875086,8.666666666666666,8.267770876333332,0.6766748597600901,Alto
RA-1591,4.0,4N,16.0,-2,6.1707952862,3.5,6.430976431,0.9009515498945488,Muito alto
RA-273,4.0,4N,16.0,-1,6.5991307798,4.5,7.323153899,0.9034570192328243,Muito alto
RA-1592,4.0,4N,15.0,-1,6.812545479666667,5.5,6.854727398333334,0.8395422221954968,Muito alto
RA-457,4.0,4N,14.0,1,8.5892756038,8.666666666666666,8.743961352333335,0.13647421931406487,Baixo
RA-305,4.0,4N,16.0,-1,6.693026811600001,4.833333333333333,7.898550724666666,0.9219692764134617,Muito alto
RA-421,4.0,4N,13.0,1,8.488232329,6.666666666666667,9.540744978333334,0.14887328548713866,Baixo
RA-1169,4.0,4N,15.0,-1,6.885305555533334,6.833333333333333,8.444444444333334,0.7667050583804087,Muito alto
RA-1593,4.0,4N,15.0,-1,6.638525017333334,6.5,4.868875086666667,0.6849229431411712,Alto
RA-1594,4.0,4N,16.0,-2,5.731267287800001,3.0,6.112836439,0.9663386634246962,Muito alto
RA-283,4.0,4N,16.0,-2,7.9444309524,8.0,9.761904762,0.7781030306507838,Muito alto
RA-459,4.0,4N,14.0,0,7.233804589400001,4.666666666666667,8.454106280333333,0.48237816310202547,Atenção
RA-454,4.0,4R,17.0,-2,5.852294346966668,3.6666666666666665,6.633138401666667,0.8541962674941378,Muito alto
RA-1595,4.0,4R,14.0,0,6.6599304233000005,2.333333333333333,7.949735449666666,0.6767385267878852,Alto
RA-1596,4.0,4R,17.0,-2,7.261016666766667,3.333333333333333,10.0,0.6750156297532924,Alto
RA-170,4.0,4R,16.0,-1,7.646383333300001,8.0,8.5,0.49238583667650204,Alto
RA-1597,4.0,4R,16.0,-1,6.7187063492,2.833333333333333,8.412698412666666,0.7693060633403266,Muito alto
RA-1171,4.0,4R,15.0,-1,7.6236817459,7.5,7.230158729999999,0.5615285218656862,Alto
RA-116,5.0,5A,18.0,-2,6.337470707133334,4.5,7.535353535666666,0.7132568826550334,Muito alto
RA-217,5.0,5A,17.0,-1,7.4209164502,7.833333333333333,8.917748917666666,0.5727204567876597,Alto
RA-103,5.0,5A,15.0,0,8.775268254,9.166666666666666,9.603174603333336,0.06822707376669043,Baixo
RA-178,5.0,5A,16.0,0,7.234168831200001,4.166666666666667,8.739177489333334,0.6387882592814299,Alto
RA-1172,5.0,5A,17.0,-1,5.719565079333334,3.333333333333333,6.0634920633333325,0.7636225898041015,Muito alto
RA-180,5.0,5A,14.0,2,8.801463636333335,8.5,9.431818181666666,0.17550586949156186,Baixo
RA-181,5.0,5A,15.0,0,7.439841414133334,4.333333333333333,8.737373737333334,0.3366697495979133,Atenção
RA-121,5.0,5A,17.0,-2,7.476158297266668,8.833333333333334,8.152958153,0.7182309033530927,Muito alto
RA-211,5.0,5A,15.0,0,8.283601875933334,7.0,9.379509379666668,0.10479646491607854,Baixo
RA-1198,5.0,5A,17.0,-1,6.9217748918,3.5,9.458874459,0.7386450262854167,Muito alto
RA-110,5.0,5A,16.0,0,8.6324939394,8.5,9.696969697,0.297065830104939,Baixo
RA-189,5.0,5A,15.0,0,8.586533333333334,8.166666666666666,10.0,0.05634892418905766,Baixo
RA-127,5.0,5A,16.0,0,8.5605939394,7.833333333333333,9.488636363666666,0.2972158336405232,Baixo
RA-115,5.0,5A,17.0,-2,5.404184695733334,4.166666666666667,4.164756812,0.7955974726862546,Muito alto
RA-215,5.0,5B,15.0,0,7.045258874400002,5.666666666666667,6.455627705333334,0.3621232203367811,Atenção
RA-1598,5.0,5B,15.0,0,8.4656285714,7.5,8.857142857,0.13053479008220398,Baixo
RA-1174,5.0,5B,16.0,0,7.374213419866667,5.0,8.349567099333333,0.6169254447906174,Alto
RA-192,5.0,5B,17.0,-2,6.882960606066668,7.166666666666667,6.363636363666667,0.7935664267167021,Muito alto
RA-220,5.0,5B,15.0,0,7.6987770562666675,6.833333333333333,8.198051948,0.2193159933277568,Baixo
RA-186,5.0,5B,15.0,1,8.325963636333334,7.166666666666667,9.640151515,0.22031531012704314,Baixo
RA-1181,5.0,5B,15.0,0,6.2015816738666665,3.8333333333333335,5.036075036,0.5900530072579397,Alto
RA-1599,5.0,5B,17.0,-2,7.6059333333333345,6.5,9.666666666666666,0.6445599959457018,Alto
RA-111,5.0,5B,15.0,0,8.667693939400001,8.333333333333334,9.488636363666666,0.06894392085635676,Baixo
RA-1600,5.0,5B,17.0,-2,6.750618518533334,5.666666666666667,8.425925926,0.7745770072464239,Muito alto
RA-1601,5.0,5C,17.0,-1,7.2431,6.5,7.0,0.6573773289297865,Alto
RA-176,5.0,5C,15.0,1,8.828632575733334,8.833333333333334,9.545454545333332,0.12886607037824951,Baixo
RA-1602,5.0,5C,15.0,0,8.041889814800001,7.166666666666667,8.782407407333332,0.2064621404560817,Baixo
RA-1603,5.0,5C,16.0,-1,7.836518518466668,8.333333333333334,9.259259258999998,0.5987683063758227,Alto
RA-1604,5.0,5C,16.0,-1,8.0118555556,8.5,7.777777778,0.5964174343565057,Alto
RA-193,5.0,5C,14.0,1,8.465046969666668,7.0,9.848484848333332,0.20485434647156603,Baixo
RA-195,5.0,5C,15.0,1,8.4690496032,7.833333333333333,9.682539682666668,0.1640989188827026,Baixo
RA-196,5.0,5C,14.0,1,8.823550937933334,8.0,9.689754689666666,0.15495466896003254,Baixo
RA-197,5.0,5C,14.0,0,8.568238636333334,8.333333333333334,9.848484848333332,0.09208990568336416,Baixo
RA-229,5.0,5C,14.0,1,8.852545634933334,8.833333333333334,9.841269841333334,0.15354978517241977,Baixo
RA-202,5.0,5C,16.0,-1,7.3512154762,7.5,7.880952381,0.6990921384468178,Alto
RA-1176,5.0,5C,14.0,1,8.914816269866666,9.166666666666666,9.682539682666668,0.1499438480341611,Baixo
RA-1177,5.0,5C,15.0,0,8.3233039474,7.333333333333333,9.824561403666666,0.11555147471636415,Baixo
RA-146,5.0,5D,17.0,-2,8.134554885333333,9.333333333333334,9.514316093333331,0.6143517879658884,Alto
RA-1199,5.0,5D,18.0,-2,7.614235714266666,9.0,8.571428571333334,0.5585748952966767,Alto
RA-1178,5.0,5D,17.0,-1,8.0934746032,8.333333333333334,9.682539682666668,0.5037902892691112,Alto
RA-149,5.0,5D,17.0,-2,5.7316173854,3.8333333333333335,4.104378593666667,0.8292752473372584,Muito alto
RA-1605,5.0,5D,16.0,-1,4.920488888866667,2.5,5.0694444443333335,0.8618966301150468,Muito alto
RA-107,5.0,5D,16.0,-1,6.676130827066667,4.666666666666667,7.9949874686666655,0.8087778026838288,Muito alto
RA-184,5.0,5D,14.0,1,8.471456704266666,8.166666666666666,8.696741854666667,0.16917490293349327,Baixo
RA-1606,5.0,5D,17.0,-2,5.8216796296,2.5,5.148148148,0.7666822000978937,Muito alto
RA-1607,5.0,5D,16.0,-1,4.899894444466667,0.0,6.222222222333333,0.866917940389207,Muito alto
RA-1608,5.0,5D,15.0,0,7.072539814866667,5.0,7.199074074333335,0.46540810547891287,Atenção
RA-1173,5.0,5D,15.0,0,8.220132915666667,5.833333333333333,9.665831245,0.16281008034599304,Baixo
RA-237,5.0,5F,16.0,-1,7.931384271366667,7.666666666666667,9.689754689666666,0.43166301497029413,Atenção
RA-147,5.0,5F,16.0,-1,7.400477922133334,6.166666666666667,9.277056277,0.7151492408280048,Muito alto
RA-131,5.0,5F,17.0,-2,7.263155555633333,5.0,9.444444444666669,0.7740300618771208,Muito alto
RA-1609,5.0,5F,17.0,-2,7.577233333233334,6.0,9.666666666666666,0.6421414438377541,Alto
RA-137,5.0,5F,18.0,-2,6.576761183366667,6.833333333333333,7.582972583,0.7640918926047239,Muito alto
RA-1184,5.0,5F,17.0,-1,7.411701731566668,7.666666666666667,8.658008657666668,0.6208855327540367,Alto
RA-138,5.0,5F,17.0,-2,7.3860274169,5.833333333333333,8.751803751666666,0.7324008754251836,Muito alto
RA-1610,5.0,5F,17.0,-2,6.702372927566668,5.166666666666667,7.753697970666667,0.8290482619433777,Muito alto
RA-1611,5.0,5F,17.0,-2,6.4589186218000005,4.5,8.361426442,0.7876651206108086,Muito alto
RA-1612,5.0,5F,18.0,-2,7.014528571366666,6.166666666666667,8.523809523666666,0.7718985695255487,Muito alto
RA-1188,5.0,5G,16.0,-1,7.801633333400001,7.0,10.0,0.5785562500055479,Alto
RA-1613,5.0,5G,17.0,-2,6.085471428700001,3.0,7.1428571430000005,0.841785959652799,Muito alto
RA-244,5.0,5G,14.0,1,8.7225,9.5,10.0,0.1438184651396653,Baixo
RA-267,5.0,5G,17.0,-2,5.896306781966668,2.0,8.285533910333333,0.8496406523627494,Muito alto
RA-1189,5.0,5G,16.0,-1,7.6486387164,7.666666666666667,8.672360248333332,0.6535517265369012,Alto
RA-113,5.0,5G,16.0,-1,7.043536903066667,6.666666666666667,7.063851181666667,0.8517245689470103,Muito alto
RA-152,5.0,5L,17.0,-2,6.5837938596,5.166666666666667,7.337719298333333,0.8031454809115339,Muito alto
RA-318,5.0,5L,16.0,-1,7.025000925866668,4.666666666666667,9.129629629666669,0.8015843653311865,Muito alto
RA-274,5.0,5L,13.0,2,8.651029629666667,9.333333333333334,9.648148148,0.22210472798772665,Baixo
RA-319,5.0,5L,15.0,0,7.948699561466667,5.833333333333333,9.024122807,0.36343961257048774,Atenção
RA-160,5.0,5L,17.0,-1,6.855108333266668,5.666666666666667,7.416666666666667,0.7424687100332015,Muito alto
RA-161,5.0,5L,15.0,0,7.258445588333334,4.0,7.965686274666666,0.3140946521601076,Atenção
RA-1614,5.0,5L,16.0,-1,6.787898989933334,6.5,6.574494949666668,0.8520778974722342,Muito alto
RA-164,5.0,5L,17.0,-2,6.837125731066667,5.666666666666667,8.084795321666666,0.7475352418672822,Muito alto
RA-165,5.0,5L,16.0,0,8.4627502436,8.5,9.431042884999998,0.34205056524274224,Atenção
RA-1615,5.0,5M,15.0,0,8.417533333333333,8.333333333333334,9.833333333333334,0.24350998623377262,Baixo
RA-1616,5.0,5M,17.0,-1,7.147738235266668,6.166666666666667,8.436274509666667,0.7529684086404267,Muito alto
RA-271,5.0,5M,17.0,-1,7.400633333333334,7.333333333333333,8.958333333333334,0.6928407765016984,Alto
RA-316,5.0,5M,15.0,0,8.708925,8.0,10.0,0.08487482576175981,Baixo
RA-286,5.0,5M,16.0,-1,5.123180882333333,3.1666666666666665,4.031862745000001,0.8297045936796226,Muito alto
RA-320,5.0,5M,15.0,0,8.442258333333335,6.666666666666667,10.0,0.09704108259238438,Baixo
RA-1207,5.0,5M,16.0,-1,6.509169736866667,5.333333333333333,6.581140350999999,0.861916887222183,Muito alto
RA-1617,5.0,5M,16.0,-1,4.926285714266666,3.25,5.571428571333333,0.8844844955707086,Muito alto
RA-158,5.0,5M,15.0,0,6.855159259266667,4.0,7.796296296333334,0.5076442038363504,Alto
RA-306,5.0,5M,16.0,-1,6.1661539474,2.833333333333333,7.699561403666666,0.8839227447981236,Muito alto
RA-1618,5.0,5M,17.0,-1,7.0487660130666665,6.333333333333333,7.908496732000001,0.7841908906234294,Muito alto
RA-308,5.0,5M,15.0,1,7.489282456133334,6.5,8.714912280666667,0.4001375685096927,Atenção
RA-1619,5.0,5M,15.0,1,7.393951851866667,4.25,9.259259259333334,0.5918748782507988,Alto
RA-299,5.0,5N,15.0,1,8.177186956533333,8.166666666666666,8.963768115999999,0.1923281813554863,Baixo
RA-251,5.0,5N,16.0,-1,6.7135006212,4.5,8.612836439,0.8705881455274237,Muito alto
RA-157,5.0,5N,14.0,1,8.950566666733334,9.666666666666666,10.0,0.16660487713882352,Baixo
RA-1620,5.0,5N,16.0,-1,6.652766666666667,5.166666666666667,6.666666666666667,0.907146558195827,Muito alto
RA-321,5.0,5N,14.0,1,8.125807932933334,7.166666666666667,9.534706331,0.2570091002149821,Baixo
RA-1195,5.0,5N,18.0,-2,7.508514492666666,6.166666666666667,9.855072463666666,0.5930738250435337,Alto
RA-1200,5.0,5N,16.0,-1,5.6415838956,1.5,7.099419478000001,0.879969274226233,Muito alto
RA-278,5.0,5N,14.0,1,8.907314492800001,9.333333333333334,9.855072463666666,0.16137833230569607,Baixo
RA-85,5.0,5N,17.0,-2,6.999509385733333,7.666666666666667,8.668046928999999,0.7002579320501582,Muito alto
RA-279,5.0,5N,15.0,1,9.113133333366669,9.333333333333334,10.0,0.1446796757451146,Baixo
RA-1621,5.0,5N,17.0,-1,8.107033333366667,8.333333333333334,10.0,0.5316748225201742,Alto
RA-280,5.0,5N,15.0,1,8.822714492700001,9.333333333333334,9.855072463666666,0.12778164744313814,Baixo
RA-1201,5.0,5N,16.0,-1,8.376195238033333,9.0,9.523809523666666,0.6329841970097411,Alto
RA-1622,5.0,5N,16.0,-1,8.429066666633334,9.666666666666666,10.0,0.5971518538513686,Alto
RA-132,6.0,6A,16.0,0,8.4746321428,8.333333333333334,8.380952380666665,0.061176239444882305,Baixo
RA-42,6.0,6A,17.0,-1,7.656628769866667,8.166666666666666,9.682539682666668,0.46778102413150047,Atenção
RA-1623,6.0,6A,17.0,0,7.7609537037333345,6.0,8.518518518666667,0.423349848042049,Atenção
RA-106,6.0,6A,16.0,0,7.721664285733334,5.666666666666667,8.761904762,0.19996527991394145,Baixo
RA-123,6.0,6A,18.0,-1,6.887248015866668,7.166666666666667,8.412698412666666,0.43158961221955755,Atenção
RA-125,6.0,6A,17.0,-1,6.627079761933334,6.166666666666667,5.6428571430000005,0.5571977354406795,Alto
RA-1624,6.0,6A,18.0,-1,7.743213492066667,7.5,9.460317460333334,0.35620378703761746,Atenção
RA-1625,6.0,6A,17.0,0,6.888194089266667,4.333333333333333,7.112887113,0.5734978491487898,Alto
RA-1626,6.0,6A,16.0,0,8.541085606066668,7.333333333333333,9.696969697,0.17334538454669324,Baixo
RA-1627,6.0,6A,17.0,-1,7.481547222200001,7.833333333333333,7.777777777666667,0.4893153639857296,Atenção
RA-1628,6.0,6A,16.0,0,7.500131368600001,5.833333333333333,8.509823509666667,0.5311617672611465,Alto
RA-112,6.0,6A,17.0,0,8.052609920666667,8.0,7.978174603333333,0.18886680281570165,Baixo
RA-1629,6.0,6A,17.0,-1,7.560550529133334,7.25,8.645502645666667,0.47993183815282514,Atenção
RA-91,6.0,6L,18.0,-1,7.426704761933335,7.333333333333333,7.476190476333334,0.2866167161425681,Baixo
RA-167,6.0,6L,18.0,-1,8.033470175466666,8.166666666666666,9.473684210666669,0.20657345846858097,Baixo
RA-1203,6.0,6L,17.0,0,8.9495245614,9.0,9.649122807,0.25667402144752693,Baixo
RA-94,6.0,6L,17.0,0,8.637033333333335,8.0,9.666666666666666,0.1728933551889743,Baixo
RA-81,6.0,6L,16.0,0,8.256566666666668,7.5,9.333333333333334,0.05845447208738403,Baixo
RA-1630,6.0,6L,16.0,0,8.583133333333334,7.333333333333333,9.833333333333334,0.12616843518236037,Baixo
RA-171,6.0,6L,18.0,-1,7.328933333333333,8.333333333333334,7.833333333333333,0.4349830704889517,Atenção
RA-1220,6.0,6L,18.0,-1,7.143244444466667,7.666666666666667,8.555555555666666,0.47748451825539695,Atenção
RA-1631,6.0,6L,17.0,-1,8.186433333333333,7.166666666666667,10.0,0.3362582165696583,Atenção
RA-1632,6.0,6L,16.0,0,8.389333333333335,6.666666666666667,10.0,0.16768486275389144,Baixo
RA-1210,6.0,6L,17.0,0,8.2302,5.5,10.0,0.3182853976865927,Atenção
RA-175,6.0,6L,17.0,-1,8.024136842133334,8.5,9.473684210666669,0.28897542310386276,Baixo
RA-80,7.0,7A,18.0,0,8.131659175733333,7.0,7.8961292116666675,0.10277985161699976,Baixo
RA-40,7.0,7A,18.0,0,7.098051462066667,5.333333333333333,7.211257310000001,0.33573029232230944,Atenção
RA-1214,7.0,7A,17.0,0,8.5902971362,8.0,9.081527348,0.1240946580368539,Baixo
RA-92,7.0,7A,18.0,0,8.052279017,7.5,8.769145085,0.19189536054904002,Baixo
RA-45,7.0,7A,17.0,0,8.743476190400001,8.0,9.619047619,0.09569805422547965,Baixo
RA-56,7.0,7A,17.0,0,9.0770201754,7.666666666666667,9.265350877333333,0.11312664275927084,Baixo
RA-57,7.0,7A,18.0,0,7.419380430199999,6.166666666666667,6.010860484333333,0.21068257231255288,Baixo
RA-58,7.0,7A,17.0,0,8.7713289474,7.333333333333333,9.824561403666666,0.07302101657068814,Baixo
RA-78,7.0,7A,19.0,0,8.1780308688,7.5,8.028404344,0.14048524632166928,Baixo
RA-87,7.0,7A,17.0,1,9.437924561333332,9.166666666666666,9.649122807,0.1590521998889041,Baixo
RA-64,7.0,7A,18.0,0,8.743607059266667,8.166666666666666,8.980785296666667,0.07004666419705496,Baixo
RA-48,7.0,7A,17.0,0,8.402390371800001,7.5,8.339076859,0.08492677322675916,Baixo
RA-1230,7.0,7E,17.0,0,4.7612000000000005,0.0,0.0,0.4390246800961437,Atenção
RA-90,7.0,7E,15.0,2,8.352033333333335,8.066666666666666,9.0,0.2991266588955141,Baixo
RA-269,7.0,7E,15.0,2,8.4773,8.200000000000001,9.6,0.3104602229261442,Atenção
RA-270,7.0,7E,15.0,2,4.79255,0.0,0.0,0.5582400440083124,Alto
RA-76,7.0,7E,16.0,2,8.152033333333334,7.066666666666666,9.0,0.292078299452994,Baixo
RA-153,7.0,7E,16.0,2,4.78185,0.0,0.0,0.5405254241723945,Alto
RA-1226,7.0,7E,17.0,0,7.785233333333334,6.066666666666666,9.0,0.15901726976002523,Baixo
RA-93,7.0,7E,17.0,1,8.275550000066668,7.483333333333333,9.931666667,0.2007324302923148,Baixo
RA-119,7.0,7E,16.0,1,8.085299999933333,7.366666666666667,9.983333333,0.26107046255875205,Baixo
RA-241,7.0,7E,16.0,2,8.311616666733334,6.816666666666667,9.891666667,0.3128950373215451,Atenção
RA-242,7.0,7E,15.0,2,8.2887,7.650000000000001,9.621,0.278865119572041,Baixo
RA-52,7.0,7E,15.0,2,8.144466666733333,7.216666666666666,9.437666667,0.30714578975229373,Atenção
RA-1227,7.0,7E,17.0,0,4.8446,0.0,0.0,0.44245165863721475,Atenção
RA-245,7.0,7E,16.0,2,8.452633333266668,8.033333333333333,9.953333333,0.23923878370848867,Baixo
RA-246,7.0,7E,15.0,2,4.7404,0.0,0.0,0.572009476347867,Alto
RA-1228,7.0,7E,18.0,0,4.8761,0.0,0.0,0.4328324641991547,Atenção
RA-1229,7.0,7E,17.0,0,4.8238,0.0,0.0,0.4384675596727354,Atenção
RA-98,7.0,7E,16.0,1,8.617450000000002,8.9,9.546,0.2263544603856974,Baixo
RA-277,7.0,7E,16.0,2,8.0689833334,6.9,9.741666667,0.29947884373927314,Baixo
RA-172,7.0,7E,16.0,1,8.128766666666667,6.933333333333334,9.8,0.25252420264126874,Baixo
RA-291,7.0,7E,15.0,2,7.931966666733333,6.166666666666667,9.737666667,0.40692732806064885,Atenção
RA-86,7.0,7E,18.0,0,7.611233333266666,5.483333333333333,9.704333333,0.21168161743986608,Baixo
RA-143,7.0,7E,15.0,2,7.449366666666667,2.6333333333333333,9.92,0.5925510886749955,Alto
RA-166,7.0,7E,16.0,1,8.243183333333334,8.266666666666667,9.246,0.2014774564821448,Baixo
RA-191,7.0,7E,15.0,2,7.7887,6.4,9.571,0.4248684811308108,Atenção
RA-1221,8.0,8F,23.0,0,,8.0,0.0,0.18963003266453263,Baixo
